order_id,product_name,order_date,order_type,payment_method,rating,price,region,preparation_time_minutes,quantity,line_total,employee_id
ORD00334,Rice Bowl,2026-02-27 08:33,Takeaway,Card,5,36.76,South,33,4,147.04,EMP026
ORD00284,Noodles,2026-03-03 14:35,Takeaway,Cash,3,14.31,East,32,3,42.93,EMP010
ORD00155,Cake,2026-05-07 13:49,Online,Card,5,19.95,North,24,1,19.95,EMP016
ORD00204,,2026-03-25 13:54,Online,E-Wallet,2,20.8,South,22,3,62.4,EMP004
ORD00187,Fries,2026-05-11 16:58,Online,E-Wallet,2,29.6,West,27,1,29.6,EMP025
ORD00093,Noodles,2026-02-07 17:16,Takeaway,Card,1,36.73,South,33,3,110.19,EMP013
ORD00149,Smoothie,2026-04-04 08:16,Dine-In,E-Wallet,4,26.72,Central,34,4,106.88,EMP019
ORD00042,Latte,2026-06-06 08:27,Dine-In,Cash,3,24.09,South,25,4,96.36,EMP011
ORD00241,Sandwich,2026-04-23 18:07,Takeaway,Card,4,11.25,South,31,3,33.75,EMP017
ORD00071,Sandwich,2026-05-15 10:19,Dine-In,Cash,4,5.22,East,41,2,10.44,EMP025
ORD00059,Salad,2026-02-25 20:55,Takeaway,E-Wallet,2,18.24,South,27,5,91.2,EMP016
ORD00141,Pasta,2026-03-13 17:29,Online,Card,1,37.36,North,12,5,186.8,EMP025
ORD00013,Salad,2026-05-02 12:35,Dine-In,E-Wallet,4,35.88,Central,25,3,107.64,EMP029
ORD00246,Sandwich,2026-04-17 15:30,Takeaway,Card,3,33.27,North,9,4,133.08,EMP011
ORD00268,Smoothie,2026-04-22 19:43,Dine-In,E-Wallet,4,25.34,Central,10,5,126.7,EMP013
ORD00323,Noodles,2026-01-22 08:17,Takeaway,Cash,2,21.77,North,10,3,65.31,EMP008
ORD00033,Pizza,2026-04-19 17:03,Takeaway,E-Wallet,3,38.42,East,3,5,192.1,EMP028
ORD00157,Sandwich,2026-01-07 11:19,Dine-In,Cash,1,3.26,East,44,3,9.78,EMP001
ORD00277,Salad,2026-06-09 10:22,Takeaway,Cash,5,3.02,West,45,1,3.02,EMP009
ORD00324,Smoothie,2026-02-12 17:12,Online,Card,2,39.76,East,42,5,198.8,EMP027
ORD00241,Burger,2026-04-28 08:19,Online,Card,5,16.6,North,3,4,66.4,EMP023
ORD00203,Latte,2026-05-11 09:24,Online,E-Wallet,1,22.02,North,43,1,22.02,EMP008
ORD00055,Fries,2026-01-18 09:12,Online,E-Wallet,5,22.47,East,11,3,67.41,EMP020
ORD00123,Latte,2026-05-29 15:49,Dine-In,Card,,13.36,North,22,4,53.44,EMP023
ORD00216,Smoothie,2026-06-07 21:24,Dine-In,Cash,4,12.89,East,23,3,38.67,EMP016
ORD00076,Salad,2026-06-12 19:03,Takeaway,E-Wallet,4,17.06,Central,19,2,34.12,EMP007
ORD00200,Latte,2026-01-03 19:54,Dine-In,Card,3,35.94,Central,39,5,179.7,EMP019
ORD00150,Coffee,2026-04-27 17:02,Online,Cash,1,20.4,North,4,5,102.0,EMP010
ORD00244,Tea,2026-04-30 09:08,Online,Card,1,30.6,West,24,4,122.4,EMP013
ORD00333,Noodles,2026-03-16 10:32,Dine-In,E-Wallet,4,13.26,Central,15,1,13.26,EMP025
ORD00282,Pasta,2026-06-28 14:17,Dine-In,E-Wallet,5,39.11,Central,34,3,117.33,EMP005
ORD00125,Noodles,2026-06-25 08:22,Takeaway,Cash,2,25.2,West,6,5,126.0,EMP026
ORD00275,Tea,2026-04-30 22:43,Dine-In,Cash,3,25.68,East,33,3,77.04,EMP007
ORD00324,Wrap,2026-06-18 16:48,Dine-In,Card,5,36.04,South,29,2,72.08,EMP024
ORD00265,Fries,2026-03-25 10:13,Takeaway,E-Wallet,5,8.28,South,7,3,24.84,EMP001
ORD00296,Latte,2026-02-06 22:12,Dine-In,E-Wallet,3,21.66,South,22,4,86.64,EMP015
ORD00286,Cake,2026-05-31 08:02,Online,Cash,3,4.24,East,9,5,21.2,EMP024
ORD00073,Burger,2026-03-31 22:32,Dine-In,Cash,5,12.04,North,8,4,48.16,EMP005
ORD00130,Smoothie,2026-01-09 14:33,Online,Cash,5,31.82,East,22,5,159.1,EMP027
ORD00094,Burger,2026-04-27 15:37,Dine-In,Cash,1,16.4,Central,27,3,49.2,EMP001
ORD00192,Smoothie,2026-04-07 17:08,Online,E-Wallet,3,21.03,Central,33,2,42.06,EMP003
ORD00055,Pasta,2026-02-07 18:45,Takeaway,Cash,5,16.21,Central,35,4,64.84,EMP029
ORD00340,Coffee,2026-01-21 22:32,Online,Cash,4,14.05,North,6,4,56.2,EMP014
ORD00183,Smoothie,2026-04-29 13:06,Takeaway,E-Wallet,4,36.78,West,10,4,147.12,EMP023
ORD00283,Pasta,2026-05-09 20:18,Dine-In,E-Wallet,1,28.0,West,25,3,84.0,EMP013
ORD00345,Pizza,2026-04-25 12:18,Online,E-Wallet,1,32.47,North,25,2,64.94,EMP021
ORD00340,Coffee,2026-02-14 11:42,Takeaway,Cash,4,12.64,Central,22,5,63.2,EMP007
ORD00017,Sandwich,2026-02-12 10:19,Takeaway,E-Wallet,3,32.71,West,40,3,98.13,EMP026
ORD00269,Pasta,2026-06-22 11:20,Takeaway,Cash,2,25.99,Central,33,3,77.97,EMP028
ORD00016,Pasta,2026-05-11 11:54,Takeaway,Cash,2,-3,Central,14,3,46.56,EMP014
ORD00178,Smoothie,2026-05-17 18:49,Dine-In,Cash,3,13.1,North,10,3,39.3,EMP028
ORD00085,Coffee,2026-02-07 20:26,Online,Cash,3,16.86,East,22,5,84.3,EMP027
ORD00161,Smoothie,2026-01-04 08:42,Takeaway,E-Wallet,5,6.7,East,5,4,26.8,EMP006
ORD00001,Salad,2026-01-13 10:40,Takeaway,Card,4,35.87,South,7,5,179.35,EMP015
ORD00231,Burger,2026-02-22 09:50,Pickup,Card,2,12.32,West,6,1,12.32,EMP029
ORD00210,Rice Bowl,2026-05-13 14:54,Online,E-Wallet,4,14.94,Central,7,1,14.94,EMP025
ORD00339,Sandwich,2026-05-01 08:38,Takeaway,Cash,2,15.75,South,45,5,78.75,EMP015
ORD00203,Smoothie,2026-03-08 17:40,Online,E-Wallet,3,27.05,North,6,2,54.1,EMP013
ORD00345,Fries,2026-06-12 15:58,Online,Cash,4,6.02,North,19,2,12.04,EMP001
ORD00129,Pasta,2026-03-30 22:53,Online,E-Wallet,5,8.03,North,19,4,32.12,EMP027
ORD00284,Noodles,2026-02-21 08:13,Dine-In,E-Wallet,5,26.23,North,30,1,26.23,EMP010
ORD00031,Smoothie,2026-03-12 09:06,Dine-In,Cash,1,7.18,North,11,3,21.54,EMP010
ORD00297,Tea,2026-05-13 13:20,Online,Cash,3,17.56,West,21,2,35.12,EMP009
ORD00248,Sandwich,2026-06-26 18:03,Takeaway,Cash,5,33.3,South,12,1,33.3,EMP014
ORD00155,Wrap,2026-01-29 16:45,Takeaway,Card,5,7.0,Central,43,4,28.0,EMP025
ORD00096,Cake,2026-05-01 18:37,Online,Cash,3,21.9,North,8,5,109.5,EMP001
ORD00276,Pizza,2026-03-06 11:42,Dine-In,Cash,4,35.49,East,26,2,70.98,EMP018
ORD00210,Latte,2026-06-25 21:28,Takeaway,Card,2,35.58,West,18,4,142.32,EMP016
ORD00094,Wrap,2026-05-01 20:08,Takeaway,Cash,3,38.83,Central,3,2,77.66,EMP015
ORD00337,Latte,2026-06-27 11:35,Online,Cash,1,18.87,East,18,4,75.48,EMP006
ORD00013,Burger,2026-01-20 13:56,Online,E-Wallet,4,9.25,West,26,4,37.0,EMP004
ORD00148,Burger,2026-04-03 19:39,Online,Cash,5,9.26,Central,5,1,9.26,EMP013
ORD00096,Fries,2026-03-15 18:03,Takeaway,Cash,4,11.43,West,16,1,11.43,EMP028
ORD00320,Latte,2026-05-23 22:28,Online,E-Wallet,4,25.22,West,28,3,75.66,EMP026
ORD00271,Tea,2026-01-07 22:33,Takeaway,E-Wallet,2,3.53,East,42,2,7.06,EMP003
ORD00300,Smoothie,2026-04-18 22:14,Dine-In,Card,5,25.03,North,37,5,125.15,EMP019
ORD00259,Cake,2026-01-25 21:03,Online,E-Wallet,4,38.53,East,21,3,115.59,EMP007
ORD00325,Noodles,2026-03-10 12:44,Takeaway,Cash,1,11.9,East,19,2,23.8,EMP018
ORD00165,Wrap,2026-04-30 22:23,Takeaway,Cash,4,22.63,West,42,1,22.63,EMP023
ORD00153,Pizza,2026-04-12 19:21,Dine-In,Cash,3,22.46,West,18,1,22.46,EMP024
ORD00085,Burger,2026-04-14 22:12,Online,Cash,3,18.61,Central,19,2,37.22,EMP016
ORD00247,Noodles,2026-02-27 16:31,Takeaway,Card,1,8.33,North,6,2,16.66,EMP019
ORD00332,Tea,2026-04-10 15:56,Online,Card,2,12.92,West,42,1,12.92,EMP015
ORD00173,Sandwich,2026-06-03 12:07,Dine-In,Cash,3,31.07,East,8,1,31.07,EMP002
ORD00287,Tea,2026-02-08 08:42,Takeaway,E-Wallet,4,18.2,South,42,1,18.2,EMP022
ORD00074,,2026-05-27 12:27,Dine-In,Card,1,25.02,East,6,4,100.08,EMP024
ORD00280,Tea,2026-01-08 15:40,Dine-In,Cash,5,21.44,West,5,5,107.2,EMP025
ORD00221,Tea,2026-06-19 18:20,Takeaway,Card,4,34.12,South,39,4,136.48,EMP028
ORD00262,Cake,2026-05-31 10:14,Takeaway,E-Wallet,4,25.42,East,39,5,127.1,EMP016
ORD00305,Latte,2026-03-06 18:44,Takeaway,E-Wallet,3,25.15,Central,21,2,50.3,EMP026
ORD00282,Noodles,2026-02-09 08:19,Dine-In,Cash,5,7.32,North,16,5,36.6,EMP015
ORD00018,Latte,2026-01-20 21:12,Takeaway,Cash,2,5.59,Central,23,3,16.77,EMP003
ORD00018,Salad,2026-03-15 19:21,Dine-In,E-Wallet,4,16.08,North,43,5,80.4,EMP009
ORD00015,Coffee,2026-02-14 18:19,Takeaway,Cash,1,12.79,East,23,3,38.37,EMP004
ORD00346,Coffee,2026-03-25 22:18,Dine-In,Card,3,20.55,Central,22,5,102.75,EMP004
ORD00225,Pasta,2026-03-30 10:04,Online,Cash,2,15.71,West,21,5,78.55,EMP002
ORD00239,Burger,2026-04-05 18:46,Takeaway,E-Wallet,5,25.6,South,44,1,25.6,EMP013
ORD00323,Pizza,2026-02-10 19:04,Pickup,Card,2,33.21,South,32,1,33.21,EMP014
ORD00230,Fries,2026-03-08 11:28,Takeaway,Cash,2,8.9,East,17,5,44.5,EMP018
ORD00264,Coffee,2026-02-18 12:03,Dine-In,Card,3,36.4,North,10,5,182.0,EMP002
ORD00280,Fries,2026-05-01 13:36,Dine-In,Card,3,18.86,West,6,1,18.86,EMP017
ORD00313,Burger,2026-01-03 16:56,Takeaway,Cash,5,15.74,Central,31,4,62.96,EMP024
ORD00193,Salad,2026-04-30 21:12,Takeaway,E-Wallet,4,29.5,North,24,4,118.0,EMP028
ORD00184,Wrap,2026-06-05 14:07,Online,Card,5,14.26,East,32,3,42.78,EMP019
ORD00299,Smoothie,2026-05-08 12:01,Dine-In,Card,5,25.39,South,43,4,101.56,EMP030
ORD00077,Burger,2026-01-26 11:19,Takeaway,Cash,1,28.22,South,6,3,84.66,EMP029
ORD00006,Rice Bowl,2026-04-18 11:27,Takeaway,Card,2,18.24,East,7,5,91.2,EMP022
ORD00259,Cake,2026-06-23 13:29,Dine-In,E-Wallet,1,39.45,East,45,3,118.35,EMP015
ORD00049,Fries,2026-06-07 18:41,Takeaway,E-Wallet,5,12.45,South,19,4,49.8,EMP013
ORD00319,Wrap,2026-05-20 19:13,Takeaway,Cash,5,30.35,West,39,5,151.75,EMP003
ORD00116,Coffee,2026-05-19 09:03,Dine-In,E-Wallet,2,32.06,Central,5,1,32.06,EMP028
ORD00221,Tea,2026-02-07 08:44,Takeaway,Cash,2,15.72,East,8,5,78.6,EMP010
ORD00272,,2026-01-18 18:27,Dine-In,Card,1,29.11,South,37,1,29.11,EMP020
ORD00127,Sandwich,2026-03-25 10:49,Online,Cash,5,25.65,West,44,4,102.6,EMP001
ORD00041,Salad,2026-01-25 22:57,Takeaway,E-Wallet,1,24.92,Central,36,3,74.76,EMP003
ORD00206,Wrap,2026-04-28 16:41,Dine-In,Card,1,26.26,East,43,1,26.26,EMP006
ORD00179,Sandwich,2026-03-09 22:21,Dine-In,Cash,1,24.66,South,28,2,49.32,EMP005
ORD00079,Smoothie,2026-02-14 15:40,Takeaway,E-Wallet,1,30.56,East,13,1,30.56,EMP009
ORD00297,Burger,2026-01-08 14:02,Online,Cash,5,11.16,South,26,2,22.32,EMP030
ORD00265,Coffee,2026-03-28 09:19,Dine-In,Cash,5,11.41,South,10,5,57.05,EMP017
ORD00324,Wrap,2026-01-16 12:53,Online,Cash,3,16.03,Central,39,5,80.15,EMP005
ORD00177,Coffee,2026-01-22 14:14,Dine-In,Card,3,13.34,North,28,2,26.68,EMP011
ORD00045,Tea,2026-03-01 20:05,Dine-In,E-Wallet,3,24.81,East,32,5,124.05,EMP014
ORD00146,Smoothie,2026-03-12 21:16,Takeaway,E-Wallet,3,33.89,South,32,4,135.56,EMP009
ORD00033,Pasta,2026-04-27 10:09,Online,Cash,3,8.26,West,30,4,33.04,EMP022
ORD00015,Noodles,2026-05-18 13:59,Online,Cash,2,14.91,West,45,4,59.64,EMP014
ORD00331,Tea,2026-03-20 08:06,Dine-In,E-Wallet,4,25.07,South,23,1,25.07,EMP024
ORD00173,Pizza,2026-01-13 14:01,Online,E-Wallet,1,18.74,North,5,4,74.96,EMP007
ORD00146,Rice Bowl,2026-02-17 09:11,Takeaway,E-Wallet,4,23.9,South,10,5,119.5,EMP013
ORD00200,Sandwich,2026-01-07 16:12,Takeaway,Card,4,25.53,Central,44,4,102.12,EMP009
ORD00233,Sandwich,2026-05-29 20:46,Dine-In,E-Wallet,3,27.3,South,45,4,109.2,EMP025
ORD00012,Fries,2026-05-24 08:46,Takeaway,Card,5,22.93,South,43,4,91.72,EMP018
ORD00346,Sandwich,2026-06-30 09:21,Dine-In,E-Wallet,3,31.49,South,10,4,125.96,EMP018
ORD00273,Pasta,2026-01-27 15:23,Takeaway,E-Wallet,2,10.02,Central,13,4,40.08,EMP010
ORD00243,Salad,2026-01-11 19:21,Dine-In,Cash,1,14.14,South,19,3,42.42,EMP030
ORD00347,Tea,2026-03-26 20:29,Dine-In,Card,1,27.61,North,13,3,82.83,EMP025
ORD00258,Cake,2026-02-15 10:20,Takeaway,Card,5,31.53,South,28,4,126.12,EMP011
ORD00274,Latte,2026-04-28 09:56,Online,E-Wallet,3,34.29,West,34,2,68.58,EMP010
ORD00024,Wrap,2026-06-10 11:49,Takeaway,Card,,38.8,East,22,1,38.8,EMP003
ORD00224,Latte,2026-05-30 17:51,Online,E-Wallet,2,20.51,West,12,5,102.55,EMP023
ORD00122,Tea,2026-06-13 17:02,Takeaway,E-Wallet,5,19.95,South,40,5,99.75,EMP006
ORD00186,Burger,2026-05-28 18:07,Takeaway,Cash,3,7.19,North,36,1,7.19,EMP015
ORD00325,,2026-03-20 17:11,Dine-In,Cash,2,8.67,West,39,5,43.35,EMP023
ORD00239,Noodles,2026-06-04 19:01,Dine-In,E-Wallet,2,37.67,Central,8,4,150.68,EMP003
ORD00142,Rice Bowl,2026-03-23 14:50,Dine-In,Card,3,21.98,North,36,1,21.98,EMP017
ORD00052,Tea,2026-04-21 15:54,Takeaway,E-Wallet,5,3.23,South,5,3,9.69,EMP021
ORD00122,Fries,2026-02-17 12:32,Takeaway,Cash,3,29.0,South,17,4,116.0,EMP024
ORD00029,Smoothie,2026-04-13 20:00,Online,Cash,3,2.75,North,43,3,8.25,EMP015
ORD00071,Wrap,2026-05-20 13:10,Online,Cash,3,16.79,West,26,1,16.79,EMP014
ORD00005,Wrap,2026-05-24 19:52,Takeaway,E-Wallet,4,25.97,Central,17,1,25.97,EMP022
ORD00320,Salad,2026-02-08 20:14,Takeaway,Cash,1,18.19,East,16,4,72.76,EMP014
ORD00223,Sandwich,2026-02-07 10:32,Online,Cash,2,6.77,Central,40,3,20.31,EMP010
ORD00169,Sandwich,2026-04-28 18:14,Dine-In,E-Wallet,4,25.38,North,45,4,101.52,EMP028
ORD00152,Latte,2026-04-16 08:06,Takeaway,Cash,1,18.06,North,13,4,72.24,EMP027
ORD00030,Coffee,2026-03-04 12:22,Takeaway,Cash,1,16.3,East,44,5,81.5,EMP012
ORD00171,Cake,2026-03-26 09:50,Online,Card,3,7.43,Central,45,5,37.15,EMP007
ORD00063,Noodles,2026-05-25 20:39,Dine-In,Card,1,11.34,East,8,2,22.68,EMP020
ORD00016,Pizza,2026-03-31 10:11,Online,E-Wallet,5,29.3,West,10,5,146.5,EMP018
ORD00314,Salad,2026-01-30 08:53,Online,E-Wallet,3,24.23,Central,4,1,24.23,EMP006
ORD00165,Smoothie,2026-01-13 12:55,Dine-In,Cash,3,30.63,North,44,1,30.63,EMP001
ORD00140,Pizza,2026-04-02 13:00,Dine-In,Cash,4,11.93,East,28,4,47.72,EMP023
ORD00055,Wrap,2026-03-03 13:24,Dine-In,Card,5,17.9,Central,13,3,53.7,EMP001
ORD00216,Salad,2026-03-11 21:28,Takeaway,Cash,5,24.69,South,22,2,49.38,EMP002
ORD00135,Burger,2026-04-24 09:43,Online,Card,1,23.9,East,35,2,47.8,EMP008
ORD00134,Burger,2026-02-17 11:54,Online,Card,2,31.95,Central,19,3,95.85,EMP014
ORD00123,Tea,2026-06-27 09:38,Takeaway,Card,3,15.78,South,18,1,15.78,EMP029
ORD00236,Fries,2026-06-14 16:35,Online,Card,4,19.72,North,37,3,59.16,EMP004
ORD00213,Wrap,2026-03-04 19:29,Online,Cash,4,29.8,North,33,5,149.0,EMP030
ORD00266,Sandwich,2026-03-09 09:09,Online,E-Wallet,4,24.3,Central,20,1,24.3,EMP016
ORD00303,Smoothie,2026-02-04 10:57,Dine-In,E-Wallet,1,39.12,North,44,3,117.36,EMP022
ORD00005,Fries,2026-03-02 18:06,Online,Cash,4,30.45,South,35,3,91.35,EMP013
ORD00041,Rice Bowl,2026-04-03 13:07,Dine-In,Cash,3,38.02,West,38,4,152.08,EMP013
ORD00215,Sandwich,2026-04-16 21:21,Online,Card,2,28.57,East,23,2,57.14,EMP004
ORD00146,Coffee,2026-01-20 12:13,Online,Card,4,15.96,North,17,2,31.92,EMP021
ORD00046,Wrap,2026-03-01 13:58,Online,E-Wallet,3,24.54,Central,20,4,98.16,EMP006
ORD00286,Tea,2026-04-12 09:02,Online,Card,3,39.08,North,26,4,156.32,EMP026
ORD00104,Latte,2026-02-01 20:29,Takeaway,Cash,1,7.52,South,17,3,22.56,EMP014
ORD00046,Rice Bowl,2026-01-11 15:39,Online,Cash,2,22.72,West,19,1,22.72,EMP022
ORD00287,Sandwich,2026-06-13 19:45,Dine-In,Card,5,16.96,West,18,4,67.84,EMP008
ORD00077,Coffee,2026-04-25 19:12,Dine-In,E-Wallet,3,31.14,East,30,5,155.7,EMP020
ORD00215,Tea,2026-04-29 14:24,Online,E-Wallet,2,26.41,Central,3,2,52.82,EMP016
ORD00339,Rice Bowl,2026-01-09 12:50,Online,Cash,3,33.11,Central,14,4,132.44,EMP017
ORD00116,Salad,2026-04-13 10:50,Online,Card,3,8.75,North,40,2,17.5,EMP027
ORD00007,Cake,2026-04-10 17:33,Online,Cash,3,15.85,East,39,1,15.85,EMP011
ORD00347,Salad,2026-04-19 08:51,Takeaway,Card,3,39.75,South,33,5,198.75,EMP029
ORD00088,Pasta,2026-06-28 18:14,Dine-In,Cash,3,25.23,Central,41,4,100.92,EMP001
ORD00300,Tea,2026-06-19 14:48,Dine-In,Cash,3,29.29,West,15,5,146.45,EMP008
ORD00042,Fries,2026-02-13 10:46,Online,E-Wallet,1,34.51,East,10,4,138.04,EMP015
ORD00231,Tea,2026-06-19 10:11,Takeaway,Card,2,7.17,West,15,3,21.51,EMP013
ORD00158,Coffee,2026-06-01 13:42,Pickup,Cash,1,39.29,East,12,5,196.45,EMP029
ORD00132,Latte,2026-06-13 14:07,Takeaway,Card,5,32.88,West,20,2,65.76,EMP024
ORD00184,Cake,2026-02-10 08:15,Dine-In,E-Wallet,2,39.7,West,39,2,79.4,EMP019
ORD00300,Salad,15/03/2026 09:30,Dine-In,Card,5,28.48,North,38,4,113.92,EMP015
ORD00072,Tea,2026-01-02 10:39,Dine-In,Card,3,6.44,West,35,3,19.32,EMP011
ORD00087,Fries,2026-01-04 10:49,Online,Card,4,12.41,East,28,2,24.82,EMP030
ORD00169,Cake,2026-04-01 10:34,Dine-In,E-Wallet,3,36.82,South,5,1,36.82,EMP022
ORD00029,Coffee,2026-02-11 20:05,Dine-In,Cash,1,23.87,North,28,5,119.35,EMP022
ORD00272,Rice Bowl,2026-01-04 09:49,Online,Card,1,33.27,Central,25,3,99.81,EMP010
ORD00227,Coffee,2026-04-10 22:59,Takeaway,Cash,2,30.07,North,28,4,120.28,EMP020
ORD00283,Smoothie,2026-06-28 13:46,Dine-In,Cash,4,29.1,South,18,1,29.1,EMP030
ORD00250,Latte,2026-05-09 17:08,Dine-In,E-Wallet,3,34.02,South,5,5,170.1,EMP029
ORD00118,Rice Bowl,2026-03-12 08:32,Dine-In,E-Wallet,3,28.69,North,24,1,28.69,EMP010
ORD00113,Wrap,2026-06-02 19:05,Dine-In,Cash,4,37.52,North,22,4,150.08,EMP026
ORD00219,Smoothie,2026-05-04 16:37,Online,Cash,2,14.61,East,29,2,29.22,EMP021
ORD00096,Wrap,2026-04-24 20:25,Takeaway,Cash,5,16.11,East,18,4,64.44,EMP023
ORD00246,Burger,2026-05-06 19:15,Dine-In,E-Wallet,5,37.89,West,40,4,151.56,EMP021
ORD00081,Sandwich,2026-05-28 08:58,Dine-In,Cash,3,34.17,South,7,5,170.85,EMP008
ORD00172,Latte,2026-06-07 11:18,Dine-In,Card,4,34.29,East,32,2,68.58,EMP001
ORD00288,Pasta,2026-01-24 16:23,Dine-In,E-Wallet,5,7.08,West,14,3,21.24,EMP016
ORD00256,Latte,2026-06-10 09:19,Online,Card,1,19.24,East,13,5,96.2,EMP010
ORD00324,Smoothie,2026-01-11 11:07,Takeaway,E-Wallet,4,38.52,East,43,2,77.04,EMP014
ORD00174,Rice Bowl,2026-03-05 22:55,Dine-In,Cash,3,36.22,West,8,3,108.66,EMP028
ORD00142,Salad,2026-01-05 08:53,Online,Cash,4,14.31,North,25,4,57.24,EMP005
ORD00234,Wrap,2026-02-23 18:48,Online,Card,1,21.8,Central,33,3,65.4,EMP003
ORD00033,Cake,2026-03-07 21:48,Takeaway,E-Wallet,2,29.13,East,44,5,145.65,EMP016
ORD00008,Smoothie,2026-02-25 19:51,Takeaway,Card,3,4.7,East,37,5,23.5,EMP005
ORD00224,Pizza,2026-05-25 08:18,Dine-In,E-Wallet,4,19.45,South,35,1,19.45,EMP027
ORD00005,Burger,2026-04-18 14:26,Online,Card,3,11.54,West,45,5,57.7,EMP003
ORD00302,Latte,2026-04-28 10:51,Takeaway,Cash,3,4.76,North,34,5,23.8,EMP025
ORD00149,Wrap,2026-06-02 15:36,Pickup,Card,2,34.12,South,5,4,136.48,EMP008
ORD00033,Pizza,2026-04-04 13:39,Takeaway,Card,3,31.38,West,18,3,94.14,EMP011
ORD00127,Noodles,2026-01-01 22:14,Online,Cash,2,39.91,West,14,2,79.82,EMP016
ORD00313,Pizza,2026-05-04 21:09,Online,Cash,,26.71,North,18,1,26.71,EMP025
ORD00144,Tea,2026-05-14 14:29,Takeaway,Cash,2,4.77,North,4,2,9.54,EMP016
ORD00274,Tea,2026-03-25 12:51,Pickup,Cash,3,4.06,Central,9,4,16.24,EMP024
ORD00324,Wrap,2026-05-11 19:28,Online,Card,5,9.41,East,17,3,28.23,EMP019
ORD00094,Pasta,2026-03-23 16:46,Takeaway,E-Wallet,2,3.46,North,23,1,3.46,EMP028
ORD00311,Salad,15/03/2026 09:30,Takeaway,Card,5,39.57,West,27,1,39.57,EMP030
ORD00115,Cake,2026-04-23 20:43,Dine-In,Card,2,13.92,East,17,4,55.68,EMP027
ORD00205,Salad,2026-05-19 21:00,Online,Cash,3,5.4,East,9,3,16.2,EMP030
ORD00287,Noodles,2026-03-20 17:29,Dine-In,Cash,4,23.01,South,6,5,115.05,EMP012
ORD00270,Sandwich,2026-06-14 18:03,Dine-In,E-Wallet,3,26.96,East,29,1,26.96,EMP003
ORD00213,Tea,2026-05-04 14:50,Takeaway,Cash,3,7.01,North,7,4,28.04,EMP012
ORD00065,Tea,2026-06-08 18:04,Dine-In,Cash,3,21.38,North,8,4,85.52,EMP027
ORD00202,Burger,2026-04-09 22:34,Takeaway,Card,1,18.43,West,41,5,92.15,EMP010
ORD00190,Pizza,2026-05-04 20:16,Takeaway,E-Wallet,2,31.13,West,16,3,93.39,EMP005
ORD00038,Fries,2026-05-26 08:55,Takeaway,E-Wallet,3,8.22,South,19,4,32.88,EMP012
ORD00269,Pasta,2026-03-11 08:01,Takeaway,Card,4,18.7,West,6,4,74.8,EMP002
ORD00070,Wrap,2026-01-22 08:48,Takeaway,E-Wallet,3,8.93,South,34,3,26.79,EMP025
ORD00137,Burger,2026-02-10 17:32,Online,Cash,5,25.01,West,16,5,125.05,EMP008
ORD00007,Coffee,2026-04-05 21:28,Takeaway,Cash,3,9.35,East,18,1,9.35,EMP017
ORD00097,Salad,2026-06-13 20:30,Takeaway,Card,5,38.93,South,26,3,116.79,EMP013
ORD00189,Tea,2026-05-11 14:37,Dine-In,Card,5,34.52,West,7,1,34.52,EMP019
ORD00320,Coffee,2026-01-23 17:53,Takeaway,Cash,4,9.12,North,10,5,45.6,EMP022
ORD00169,Tea,2026-05-15 13:04,Online,Card,1,21.03,Central,15,2,42.06,EMP025
ORD00195,Tea,2026-06-25 16:17,Dine-In,E-Wallet,5,18.24,Central,40,1,18.24,EMP009
ORD00184,Coffee,2026-05-14 20:34,Takeaway,Cash,5,38.4,Central,38,5,192.0,EMP018
ORD00104,Noodles,2026-02-16 09:12,Takeaway,E-Wallet,,8.56,Central,45,2,17.12,EMP013
ORD00308,Burger,2026-03-04 15:40,Online,Card,5,33.73,South,19,2,67.46,EMP006
ORD00292,Noodles,2026-06-30 12:12,Dine-In,E-Wallet,3,8.33,West,25,2,16.66,EMP028
ORD00221,Wrap,2026-02-21 12:12,Takeaway,E-Wallet,5,9.83,West,32,5,49.15,EMP026
ORD00018,Noodles,2026-03-04 14:36,Takeaway,Cash,1,25.85,West,12,4,103.4,EMP016
ORD00287,Burger,2026-03-10 15:37,Dine-In,Cash,4,39.17,North,27,2,78.34,EMP017
ORD00143,Smoothie,2026-06-12 11:55,Online,Cash,5,27.77,East,29,2,55.54,EMP009
ORD00049,Salad,2026-02-21 08:42,Dine-In,E-Wallet,1,20.82,North,35,2,41.64,EMP014
ORD00194,Cake,2026-03-10 10:09,Takeaway,Cash,5,23.04,West,42,1,23.04,EMP016
ORD00150,Salad,2026-02-01 14:19,Takeaway,Cash,4,39.76,West,19,1,39.76,EMP010
ORD00039,Pasta,2026-04-22 18:36,Takeaway,E-Wallet,5,38.25,North,37,4,153.0,EMP010
ORD00228,Cake,2026-05-20 17:07,Dine-In,Card,4,35.53,West,20,1,35.53,EMP024
ORD00168,Coffee,2026-04-20 12:39,Online,Card,4,22.59,Central,8,4,90.36,EMP012
ORD00263,Pasta,2026-01-16 20:12,Dine-In,Card,4,28.45,Central,3,1,28.45,EMP002
ORD00119,Rice Bowl,2026-04-12 21:36,Takeaway,Cash,2,37.4,West,23,3,112.2,EMP018
ORD00153,Sandwich,2026-02-16 08:05,Dine-In,E-Wallet,4,19.77,East,9,4,79.08,EMP004
ORD00213,Tea,2026-06-11 09:28,Online,Cash,3,31.33,East,20,5,156.65,EMP004
ORD00285,Pizza,2026-04-06 14:22,Dine-In,Cash,1,8.61,North,27,2,17.22,EMP019
ORD00121,Coffee,2026-05-29 10:19,Takeaway,E-Wallet,3,23.92,West,36,5,119.6,EMP018
ORD00047,Fries,2026-01-10 14:15,Online,Card,1,9.37,North,16,4,37.48,EMP017
ORD00117,Rice Bowl,2026-05-26 09:45,Dine-In,Cash,2,29.54,South,12,4,118.16,EMP007
ORD00094,Coffee,2026-01-17 18:46,Takeaway,E-Wallet,4,2.99,South,29,5,14.95,EMP010
ORD00019,Noodles,2026-04-21 18:39,Takeaway,Card,5,16.1,East,21,3,48.3,EMP022
ORD00232,Pizza,2026-04-20 19:53,Takeaway,E-Wallet,4,5.9,East,39,3,17.7,EMP017
ORD00031,Noodles,2026-03-21 13:37,Takeaway,Cash,2,7.35,South,28,4,29.4,EMP025
ORD00236,Pizza,2026-01-28 22:18,Dine-In,Card,5,26.9,East,28,4,107.6,EMP008
ORD00048,Sandwich,2026-02-10 13:37,Dine-In,Card,4,34.62,West,11,1,34.62,EMP008
ORD00183,Tea,2026-05-01 10:43,Dine-In,Cash,1,6.87,Central,21,3,20.61,EMP029
ORD00068,Pasta,2026-05-17 10:50,Takeaway,Card,1,4.77,East,39,5,23.85,EMP006
ORD00096,Coffee,2026-04-27 19:32,Takeaway,E-Wallet,4,32.1,East,29,2,64.2,EMP005
ORD00266,Rice Bowl,2026-01-24 21:29,Online,E-Wallet,4,27.58,West,10,1,27.58,EMP016
ORD00308,Pasta,2026-05-28 21:49,Dine-In,Card,1,29.76,East,17,1,29.76,EMP019
ORD00092,Smoothie,2026-03-08 14:37,Dine-In,Card,4,18.22,South,41,3,54.66,EMP011
ORD00100,Burger,2026-03-27 11:32,Dine-In,Cash,2,7.42,North,6,5,37.1,EMP023
ORD00006,Pasta,2026-05-29 22:42,Takeaway,Card,2,14.11,West,43,5,70.55,EMP027
ORD00014,Salad,2026-05-27 22:48,Takeaway,E-Wallet,5,38.51,North,20,3,115.53,EMP018
ORD00054,Pasta,2026-05-14 18:28,Online,Cash,2,3.66,Unknown,45,1,3.66,EMP018
ORD00201,Latte,2026-06-22 15:15,Takeaway,Card,5,5.99,South,15,1,5.99,EMP027
ORD00035,Noodles,15/03/2026 09:30,Dine-In,Cash,4,18.63,Central,30,3,55.89,EMP008
ORD00174,Tea,2026-04-26 09:08,Online,Card,5,18.63,East,27,4,74.52,EMP012
ORD00191,Tea,2026-06-17 19:20,Takeaway,Card,5,15.83,Central,30,1,15.83,EMP007
ORD00237,Latte,2026-01-27 15:13,Dine-In,E-Wallet,5,17.86,South,13,5,89.3,EMP002
ORD00073,Rice Bowl,2026-01-27 17:00,Takeaway,E-Wallet,4,35.06,Central,14,1,35.06,EMP001
ORD00007,Cake,2026-05-14 19:00,Dine-In,Cash,3,23.74,North,23,1,23.74,EMP004
ORD00190,Pizza,2026-02-27 17:33,Dine-In,Cash,1,31.76,North,35,2,63.52,EMP014
ORD00170,Pizza,2026-05-31 12:10,Dine-In,E-Wallet,5,3.34,West,25,2,6.68,EMP003
ORD00295,Tea,2026-04-05 08:58,Dine-In,Card,2,35.96,East,23,5,179.8,EMP025
ORD00343,Coffee,2026-04-16 19:10,Dine-In,Card,2,39.21,East,17,1,39.21,EMP029
ORD00206,Fries,2026-04-27 17:14,Takeaway,Card,5,2.56,West,19,5,12.8,EMP004
ORD00067,Pizza,2026-05-13 14:34,Dine-In,E-Wallet,1,22.68,North,16,3,68.04,EMP020
ORD00247,Pasta,2026-04-21 21:58,Online,E-Wallet,5,8.83,East,21,5,44.15,EMP019
ORD00019,Latte,2026-02-16 09:07,Online,Card,1,21.28,East,24,1,21.28,EMP021
ORD00209,Burger,2026-03-13 11:05,Online,Card,1,30.87,South,33,1,30.87,EMP003
ORD00197,Cake,2026-05-07 21:58,Online,E-Wallet,3,28.2,West,28,3,84.6,EMP016
ORD00113,Coffee,2026-04-21 14:28,Dine-In,E-Wallet,5,6.63,Central,36,1,6.63,EMP004
ORD00207,Burger,2026-06-22 21:44,Takeaway,E-Wallet,3,17.88,East,22,5,89.4,EMP001
ORD00040,Sandwich,2026-06-13 10:19,Takeaway,E-Wallet,1,30.04,East,33,4,120.16,EMP001
ORD00170,Noodles,2026-02-18 09:28,Online,Card,5,24.57,Central,34,1,24.57,EMP023
ORD00095,Wrap,2026-03-10 12:28,Online,Cash,1,39.81,West,31,5,199.05,EMP004
ORD00186,Fries,2026-05-18 22:14,Dine-In,Cash,5,20.97,Central,36,2,41.94,EMP014
ORD00304,Rice Bowl,2026-01-30 12:05,Dine-In,Card,4,23.57,Central,33,3,70.71,EMP011
ORD00339,Tea,2026-03-09 22:25,Online,Cash,4,4.03,South,32,3,12.09,EMP009
ORD00166,Burger,2026-04-23 22:03,Dine-In,E-Wallet,2,35.97,East,11,4,143.88,EMP027
ORD00078,Latte,2026-03-10 22:43,Online,Card,5,19.86,South,45,3,59.58,EMP029
ORD00200,Latte,2026-02-03 21:07,Dine-In,Card,4,7.82,Central,14,2,15.64,EMP029
ORD00170,Noodles,2026-05-27 10:37,Dine-In,Cash,5,27.34,West,18,1,27.34,EMP022
ORD00126,Pizza,2026-05-28 08:59,Takeaway,Card,1,5.44,Unknown,17,4,21.76,EMP029
ORD00044,Latte,2026-04-28 13:52,Dine-In,Card,1,37.76,North,21,4,151.04,EMP009
ORD00156,Burger,2026-06-17 19:26,Takeaway,E-Wallet,3,20.52,South,33,3,61.56,EMP011
ORD00147,Pasta,2026-06-11 17:27,Dine-In,Cash,5,28.14,Central,20,2,56.28,EMP003
ORD00036,Pasta,2026-06-14 21:27,Dine-In,E-Wallet,5,11.03,West,11,2,22.06,EMP004
ORD00151,Burger,2026-02-11 21:20,Online,Cash,2,11.27,West,29,4,45.08,EMP024
ORD00061,Tea,2026-03-03 22:30,Online,Card,4,20.92,Central,23,5,104.6,EMP019
ORD00187,Burger,2026-02-03 18:30,Pickup,Cash,1,11.38,East,30,4,45.52,EMP008
ORD00021,Sandwich,2026-02-22 20:39,Dine-In,E-Wallet,1,10.89,Central,17,2,21.78,EMP022
ORD00118,Tea,2026-06-05 18:39,Takeaway,E-Wallet,5,23.8,Central,37,2,47.6,EMP027
ORD00166,Smoothie,2026-04-27 14:03,Takeaway,Cash,5,32.89,West,41,5,164.45,EMP013
ORD00221,Coffee,2026-03-06 19:21,Dine-In,Card,5,37.98,North,7,5,189.9,EMP018
ORD00335,Rice Bowl,2026-03-29 17:31,Dine-In,Card,2,3.47,East,31,1,3.47,EMP004
ORD00087,Latte,2026-03-28 09:25,Dine-In,Card,5,4.1,Central,4,3,12.3,EMP008
ORD00086,Latte,2026-03-23 15:26,Takeaway,Card,5,8.38,South,31,4,33.52,EMP018
ORD00074,Tea,2026-05-24 17:34,Dine-In,E-Wallet,5,22.45,North,31,5,112.25,EMP010
ORD00100,Noodles,2026-02-03 17:18,Takeaway,Card,3,31.77,North,28,1,31.77,EMP015
ORD00344,Noodles,2026-01-08 13:41,Takeaway,Cash,3,28.44,West,38,5,142.2,EMP011
ORD00275,Pizza,2026-02-20 14:46,Dine-In,Cash,2,18.21,Unknown,11,2,36.42,EMP026
ORD00126,Pizza,2026-01-14 20:45,Dine-In,Card,2,22.16,North,37,4,88.64,EMP007
ORD00280,Fries,2026-06-17 15:52,Takeaway,Card,1,9.92,East,36,5,49.6,EMP024
ORD00196,Fries,2026-01-06 14:26,Online,Cash,3,36.86,West,32,4,147.44,EMP013
ORD00161,Wrap,2026-01-26 12:27,Online,Card,5,20.12,Central,27,1,20.12,EMP020
ORD00045,Pizza,2026-05-22 13:36,Online,E-Wallet,4,28.83,West,16,4,115.32,EMP009
ORD00323,Salad,2026-06-30 09:30,Dine-In,Card,3,11.95,East,13,1,11.95,EMP009
ORD00042,Pizza,2026-04-10 11:47,Online,E-Wallet,5,20.44,Central,43,3,61.32,EMP014
ORD00074,Latte,2026-02-24 21:29,Takeaway,Card,2,11.58,East,16,5,57.9,EMP005
ORD00196,Fries,2026-04-24 09:32,Online,E-Wallet,3,-3,South,18,4,157.2,EMP021
ORD00200,Pizza,2026-05-26 22:23,Dine-In,E-Wallet,2,35.48,South,16,5,177.4,EMP026
ORD00030,Wrap,2026-05-28 09:25,Takeaway,E-Wallet,4,37.46,North,14,4,149.84,EMP011
ORD00157,Latte,2026-02-10 15:35,Dine-In,E-Wallet,2,31.83,North,11,4,127.32,EMP015
ORD00092,Latte,2026-04-24 16:13,Dine-In,Card,4,2.56,South,10,1,2.56,EMP018
ORD00214,Sandwich,2026-02-26 14:16,Online,Card,2,29.51,North,41,4,118.04,EMP020
ORD00244,Noodles,2026-04-13 09:14,Takeaway,Cash,1,38.61,South,5,3,115.83,EMP021
ORD00227,Fries,2026-01-20 11:28,Takeaway,Cash,3,17.06,West,31,5,85.3,EMP006
ORD00008,Noodles,2026-05-16 08:14,Online,Cash,1,24.25,North,26,1,24.25,EMP029
ORD00232,Pizza,2026-03-03 16:50,Online,Cash,1,16.57,South,37,1,16.57,EMP015
ORD00334,Tea,2026-01-21 09:38,Dine-In,E-Wallet,5,24.68,South,21,4,98.72,EMP001
ORD00192,Sandwich,2026-03-21 13:19,Online,Cash,3,13.25,South,29,5,66.25,EMP009
ORD00327,Tea,2026-05-22 16:32,Takeaway,E-Wallet,1,33.35,North,37,3,100.05,EMP026
ORD00230,Wrap,2026-03-16 08:45,Takeaway,E-Wallet,1,37.7,South,16,2,75.4,EMP009
ORD00327,Tea,2026-05-10 08:13,Dine-In,Cash,5,35.45,West,6,1,35.45,EMP010
ORD00198,Pasta,2026-05-16 15:23,Online,Card,3,39.25,East,17,4,157.0,EMP030
ORD00070,Coffee,2026-03-05 20:48,Online,Card,4,14.86,East,36,1,14.86,EMP015
ORD00132,Latte,2026-05-30 12:13,Online,Cash,3,16.15,Central,8,4,64.6,EMP007
ORD00339,Fries,2026-01-02 08:31,Online,E-Wallet,2,15.35,West,32,3,46.05,EMP006
ORD00158,Wrap,2026-01-25 15:18,Dine-In,Card,1,13.59,Central,8,2,27.18,EMP011
ORD00254,Noodles,2026-04-03 21:51,Takeaway,Cash,3,35.33,North,39,2,70.66,EMP004
ORD00027,Fries,2026-05-23 19:53,Takeaway,Cash,1,29.11,North,13,5,145.55,EMP013
ORD00056,Latte,2026-05-20 09:46,Dine-In,Cash,4,25.54,East,31,4,102.16,EMP002
ORD00049,Latte,2026-05-14 09:17,Online,Cash,1,32.59,East,37,1,32.59,EMP002
ORD00195,Salad,2026-05-15 17:46,Dine-In,Cash,4,11.6,South,40,4,46.4,EMP029
ORD00172,Noodles,2026-02-18 16:48,Takeaway,Cash,2,-3,North,15,4,132.6,EMP010
ORD00156,Salad,2026-03-08 19:10,Takeaway,Cash,2,9.2,West,34,3,27.6,EMP012
ORD00222,Coffee,2026-05-23 08:22,Dine-In,Cash,2,30.08,East,16,1,30.08,EMP021
ORD00225,Burger,2026-04-08 16:15,Takeaway,Cash,4,37.26,Central,25,2,74.52,EMP019
ORD00176,Smoothie,2026-06-30 19:00,Takeaway,Cash,1,20.22,East,16,5,101.1,EMP024
ORD00277,Salad,2026-06-22 12:59,Online,Cash,5,38.63,West,36,5,193.15,EMP012
ORD00233,Tea,2026-06-29 18:30,Dine-In,E-Wallet,4,16.07,Central,38,1,16.07,EMP013
ORD00073,Tea,2026-03-22 20:37,Online,Cash,3,7.16,West,32,5,35.8,EMP021
ORD00101,Sandwich,2026-06-15 15:30,Takeaway,Card,3,28.42,West,4,1,28.42,EMP008
ORD00052,Coffee,2026-05-11 21:25,Dine-In,Cash,2,20.2,South,30,1,20.2,EMP022
ORD00098,Tea,2026-01-03 09:51,Dine-In,Cash,4,25.28,East,6,4,101.12,EMP029
ORD00335,Coffee,2026-05-15 21:07,Online,Card,2,6.69,Central,8,5,33.45,EMP015
ORD00033,Pizza,2026-06-15 14:44,Takeaway,Card,3,34.37,North,33,2,68.74,EMP027
ORD00010,Fries,2026-03-05 10:36,Takeaway,Cash,3,14.03,Unknown,6,3,42.09,EMP002
ORD00062,Cake,2026-06-17 08:47,Dine-In,E-Wallet,5,27.94,North,40,4,111.76,EMP016
ORD00125,Pasta,2026-04-28 18:28,Online,Card,4,23.32,East,6,3,69.96,EMP018
ORD00316,Pasta,2026-01-24 16:38,Dine-In,E-Wallet,4,8.98,Unknown,25,1,8.98,EMP001
ORD00130,Cake,2026-02-20 17:07,Dine-In,E-Wallet,5,5.68,West,41,2,11.36,EMP026
ORD00044,Tea,2026-05-25 18:49,Online,Cash,2,10.32,North,26,3,30.96,EMP014
ORD00256,Noodles,2026-01-03 20:29,Dine-In,Card,4,17.73,South,6,2,35.46,EMP012
ORD00054,Salad,2026-04-14 11:28,Dine-In,E-Wallet,4,15.35,South,37,5,76.75,EMP012
ORD00078,Salad,2026-04-08 20:31,Online,E-Wallet,1,36.41,North,15,2,72.82,EMP029
ORD00004,Pizza,2026-02-16 16:35,Dine-In,E-Wallet,3,5.47,East,45,5,27.35,EMP030
ORD00047,Salad,2026-06-13 22:44,Online,E-Wallet,5,16.15,South,16,4,64.6,EMP025
ORD00166,Smoothie,2026-05-22 14:36,Takeaway,Card,2,20.04,South,23,2,40.08,EMP002
ORD00283,Pasta,2026-05-29 15:19,Takeaway,Cash,4,10.8,Central,18,4,43.2,EMP025
ORD00023,Tea,2026-04-16 13:47,Takeaway,E-Wallet,3,32.37,Central,7,1,32.37,EMP023
ORD00178,Pasta,2026-01-22 12:37,Dine-In,E-Wallet,5,31.76,North,35,3,95.28,EMP007
ORD00324,Smoothie,2026-04-03 13:05,Dine-In,Cash,5,24.83,South,28,5,124.15,EMP005
ORD00169,Burger,2026-01-26 13:44,Online,Cash,5,10.08,East,31,3,30.24,EMP020
ORD00268,Noodles,2026-02-24 11:49,Dine-In,Cash,3,33.57,Central,38,5,167.85,EMP028
ORD00041,Tea,2026-04-17 14:17,Dine-In,Card,,12.63,Central,34,1,12.63,EMP014
ORD00319,Cake,2026-02-26 17:54,Online,Cash,1,14.47,South,18,2,28.94,EMP003
ORD00249,Coffee,2026-05-23 12:00,Takeaway,Cash,1,28.17,South,26,2,56.34,EMP018
ORD00229,Sandwich,2026-06-22 18:55,Online,E-Wallet,5,20.68,North,41,4,82.72,EMP019
ORD00190,Wrap,2026-02-15 20:47,Dine-In,Cash,5,13.85,East,39,1,13.85,EMP020
ORD00264,Sandwich,2026-02-19 16:08,Takeaway,E-Wallet,5,36.79,East,36,5,183.95,EMP015
ORD00277,Salad,2026-01-30 11:37,Takeaway,E-Wallet,4,11.24,South,25,4,44.96,EMP029
ORD00322,Latte,2026-06-13 20:28,Takeaway,E-Wallet,5,36.9,South,24,2,73.8,EMP002
ORD00077,Salad,2026-05-24 16:45,Online,E-Wallet,1,4.37,West,25,4,17.48,EMP006
ORD00098,Salad,2026-05-15 10:54,Dine-In,E-Wallet,4,11.48,Central,43,4,45.92,EMP030
ORD00250,Wrap,2026-05-02 11:33,Online,E-Wallet,3,29.14,North,44,5,145.7,EMP012
ORD00335,Pizza,2026-03-21 08:27,Online,Card,2,11.1,East,29,1,11.1,EMP027
ORD00066,Rice Bowl,2026-05-05 14:03,Takeaway,Card,2,9.01,East,8,2,18.02,EMP002
ORD00098,Burger,2026-02-14 16:32,Takeaway,E-Wallet,3,32.51,Central,5,1,32.51,EMP011
ORD00195,Smoothie,2026-06-16 10:24,Online,Cash,2,29.45,South,38,4,117.8,EMP030
ORD00066,Cake,2026-02-09 08:05,Dine-In,Cash,2,32.6,North,11,2,65.2,EMP022
ORD00043,Rice Bowl,2026-04-06 22:02,Dine-In,E-Wallet,5,10.99,Central,40,3,32.97,EMP009
ORD00147,Pizza,2026-06-25 22:30,Takeaway,Card,4,35.83,North,24,3,107.49,EMP026
ORD00150,Cake,2026-06-03 13:32,Dine-In,Card,5,17.08,North,30,5,85.4,EMP016
ORD00162,Rice Bowl,2026-05-20 16:08,Dine-In,E-Wallet,1,35.7,Central,38,5,178.5,EMP017
ORD00273,,2026-01-25 15:34,Dine-In,E-Wallet,2,26.19,West,41,1,26.19,EMP002
ORD00282,Coffee,2026-06-06 09:00,Dine-In,Card,3,6.6,South,7,5,33.0,EMP005
ORD00047,Latte,2026-05-16 13:55,Pickup,Cash,5,30.64,West,28,3,91.92,EMP021
ORD00007,Pizza,2026-04-02 19:53,Online,E-Wallet,5,21.59,South,9,4,86.36,EMP009
ORD00067,Salad,2026-06-13 22:13,Dine-In,Card,3,11.8,Central,5,5,59.0,EMP002
ORD00145,Coffee,2026-05-22 14:17,Dine-In,Card,1,14.2,East,4,5,71.0,EMP013
ORD00188,Fries,2026-04-12 16:56,Takeaway,Card,1,16.82,East,12,4,67.28,EMP012
ORD00343,Latte,2026-01-24 11:03,Dine-In,E-Wallet,2,31.43,South,23,4,125.72,EMP021
ORD00202,Rice Bowl,2026-06-29 13:36,Online,Cash,3,29.93,West,3,5,149.65,EMP019
ORD00085,Wrap,2026-01-26 09:38,Online,Card,2,6.5,West,24,3,19.5,EMP021
ORD00168,Fries,2026-04-08 18:35,Dine-In,Card,4,12.02,West,14,3,36.06,EMP020
ORD00152,Wrap,15/03/2026 09:30,Dine-In,Cash,1,13.94,South,35,5,69.7,EMP016
ORD00170,Rice Bowl,2026-04-16 14:01,Takeaway,Cash,5,38.76,North,10,1,38.76,EMP008
ORD00011,Latte,2026-01-26 08:30,Takeaway,E-Wallet,5,14.28,South,32,4,57.12,EMP010
ORD00137,Smoothie,2026-05-16 12:02,Online,E-Wallet,2,15.95,North,40,5,79.75,EMP016
ORD00231,Tea,2026-04-23 21:56,Dine-In,E-Wallet,5,11.66,North,11,2,23.32,EMP024
ORD00025,Sandwich,2026-06-18 16:12,Online,Cash,1,13.5,South,5,4,54.0,EMP007
ORD00281,Noodles,2026-06-22 20:50,Online,Card,1,26.85,East,39,1,26.85,EMP029
ORD00140,Rice Bowl,2026-06-15 20:41,Takeaway,Card,1,15.69,East,28,3,47.07,EMP018
ORD00260,Smoothie,2026-05-15 19:49,Takeaway,Cash,5,22.55,West,33,4,90.2,EMP024
ORD00276,Pasta,2026-03-30 19:44,Takeaway,E-Wallet,2,12.45,North,35,4,49.8,EMP002
ORD00260,Pizza,2026-03-26 21:29,Takeaway,E-Wallet,1,13.12,East,8,5,65.6,EMP022
ORD00264,Cake,2026-06-02 08:21,Online,Cash,3,27.79,West,24,1,27.79,EMP018
ORD00349,Tea,2026-04-28 15:40,Online,Card,3,20.31,West,16,2,40.62,EMP019
ORD00244,Fries,2026-04-18 15:09,Takeaway,Card,2,4.02,South,14,1,4.02,EMP013
ORD00276,Coffee,2026-01-03 08:39,Dine-In,Card,4,33.89,North,36,3,101.67,EMP005
ORD00050,Tea,2026-01-26 09:29,Online,E-Wallet,2,10.63,West,4,5,53.15,EMP017
ORD00028,Salad,2026-01-31 21:56,Online,Card,4,14.55,West,8,4,58.2,EMP014
ORD00039,Cake,2026-05-12 16:32,Online,Cash,4,29.24,South,27,4,116.96,EMP021
ORD00120,Latte,2026-03-03 20:30,Online,Cash,2,11.71,South,43,4,46.84,EMP018
ORD00209,Sandwich,2026-04-10 08:52,Online,Card,1,19.01,South,8,5,95.05,EMP004
ORD00158,Fries,2026-04-22 15:37,Takeaway,E-Wallet,4,39.45,South,6,5,197.25,EMP006
ORD00142,Tea,2026-05-12 21:01,Dine-In,Card,4,16.32,North,36,4,65.28,EMP005
ORD00172,Salad,2026-06-06 13:30,Online,E-Wallet,4,26.59,North,20,5,132.95,EMP021
ORD00151,Salad,2026-01-20 14:56,Dine-In,Cash,5,10.38,West,28,1,10.38,EMP002
ORD00010,Smoothie,2026-03-02 09:58,Dine-In,E-Wallet,5,-3,East,31,1,35.33,EMP013
ORD00096,Wrap,2026-04-24 11:01,Dine-In,Cash,3,29.57,East,29,3,88.71,EMP027
ORD00054,Burger,2026-04-16 12:32,Dine-In,Card,3,13.11,South,25,3,39.33,EMP014
ORD00239,Noodles,2026-02-17 16:32,Takeaway,Cash,4,3.73,Central,41,1,3.73,EMP026
ORD00343,Pizza,2026-05-24 13:59,Online,Cash,3,32.19,East,10,4,128.76,EMP014
ORD00275,Tea,2026-02-17 21:32,Dine-In,Card,5,30.09,Central,16,2,60.18,EMP023
ORD00278,Coffee,2026-02-04 13:41,Online,Cash,1,32.02,East,14,3,96.06,EMP003
ORD00232,Salad,2026-06-29 22:28,Online,Card,3,15.74,Central,6,5,78.7,EMP011
ORD00125,Pizza,2026-05-20 08:09,Takeaway,Cash,3,27.35,East,31,2,54.7,EMP018
ORD00175,Latte,2026-06-27 22:40,Takeaway,Card,3,19.5,North,14,1,19.5,EMP024
ORD00124,Latte,2026-05-08 22:24,Dine-In,Card,5,32.78,North,41,1,32.78,EMP030
ORD00226,Smoothie,2026-04-14 08:45,Dine-In,Card,4,31.73,North,30,3,95.19,EMP003
ORD00099,Sandwich,2026-04-20 18:31,Online,E-Wallet,1,10.1,Central,31,2,20.2,EMP019
ORD00200,Sandwich,2026-04-02 11:33,Online,Card,2,11.61,North,39,2,23.22,EMP009
ORD00297,Pasta,2026-01-04 09:39,Online,Card,5,39.04,East,32,3,117.12,EMP014
ORD00190,Coffee,2026-03-01 16:34,Takeaway,Cash,4,4.52,Central,16,4,18.08,EMP016
ORD00072,Cake,2026-06-25 22:29,Takeaway,Cash,4,16.6,West,5,1,16.6,EMP018
ORD00099,Latte,2026-01-22 10:04,Online,E-Wallet,2,-3,East,10,5,145.95,EMP002
ORD00294,Latte,2026-05-14 13:06,Online,Cash,3,26.43,North,31,3,79.29,EMP026
ORD00044,Smoothie,2026-04-29 09:22,Takeaway,E-Wallet,4,27.94,Central,7,5,139.7,EMP030
ORD00103,Wrap,2026-03-11 14:43,Online,E-Wallet,1,10.47,West,34,4,41.88,EMP007
ORD00189,Pizza,2026-04-18 08:17,Dine-In,E-Wallet,4,36.01,East,18,3,108.03,EMP017
ORD00247,Pasta,2026-06-03 16:50,Dine-In,Cash,5,27.09,South,45,1,27.09,EMP028
ORD00126,Sandwich,2026-04-11 12:48,Dine-In,Card,1,31.28,West,45,4,125.12,EMP020
ORD00129,Coffee,2026-01-07 18:19,Takeaway,Cash,5,11.87,South,18,4,47.48,EMP030
ORD00098,Wrap,2026-03-27 17:06,Dine-In,E-Wallet,1,27.99,North,35,4,111.96,EMP004
ORD00045,Coffee,2026-03-30 14:05,Dine-In,Card,2,16.11,South,24,3,48.33,EMP006
ORD00158,Tea,2026-05-08 10:19,Online,Cash,3,20.74,South,22,1,20.74,EMP007
ORD00083,Rice Bowl,2026-04-10 12:01,Takeaway,Card,3,22.9,South,30,5,114.5,EMP024
ORD00135,Tea,2026-01-28 12:07,Takeaway,Card,4,24.0,Central,25,2,48.0,EMP007
ORD00012,Sandwich,2026-03-06 16:36,Dine-In,Card,5,13.33,North,41,1,13.33,EMP003
ORD00245,Burger,2026-06-12 20:20,Takeaway,Cash,1,19.08,South,37,3,57.24,EMP028
ORD00137,Pasta,2026-04-14 11:37,Online,Cash,3,19.44,East,22,5,97.2,EMP027
ORD00248,Pasta,2026-03-25 10:57,Online,E-Wallet,5,20.74,Central,12,2,41.48,EMP027
ORD00346,Wrap,2026-02-11 19:08,Dine-In,Card,1,18.9,North,16,3,56.7,EMP021
ORD00286,Cake,2026-06-05 13:34,Dine-In,Card,1,5.22,South,10,3,15.66,EMP022
ORD00070,Pasta,2026-05-02 09:58,Online,Cash,5,38.12,West,26,4,152.48,EMP005
ORD00159,Coffee,2026-06-25 14:35,Online,E-Wallet,2,11.29,East,23,1,11.29,EMP003
ORD00039,Latte,2026-01-20 13:51,Dine-In,E-Wallet,2,23.39,South,42,4,93.56,EMP001
ORD00167,Burger,2026-03-01 20:59,Online,E-Wallet,2,11.54,North,30,5,57.7,EMP020
ORD00018,Noodles,2026-02-23 09:00,Takeaway,E-Wallet,1,32.82,Central,10,3,98.46,EMP020
ORD00172,Cake,2026-06-13 18:10,Online,Cash,4,33.75,Central,8,4,135.0,EMP028
ORD00172,Coffee,2026-01-14 14:10,Online,Cash,3,36.69,South,36,5,183.45,EMP009
ORD00237,Sandwich,2026-06-09 10:29,Dine-In,Card,1,30.14,West,20,4,120.56,EMP029
ORD00244,Wrap,2026-05-19 20:50,Online,Card,3,14.54,West,30,5,72.7,EMP014
ORD00135,Wrap,2026-04-08 22:31,Takeaway,Cash,3,11.74,South,36,1,11.74,EMP011
ORD00342,,2026-06-27 15:23,Takeaway,Cash,2,12.92,West,3,2,25.84,EMP002
ORD00087,Wrap,2026-02-14 13:59,Takeaway,Cash,3,18.06,North,23,3,54.18,EMP004
ORD00231,Pizza,2026-03-01 21:02,Takeaway,Cash,2,26.98,East,16,2,53.96,EMP017
ORD00088,Smoothie,2026-05-20 17:02,Takeaway,E-Wallet,1,8.06,East,38,2,16.12,EMP023
ORD00085,Rice Bowl,2026-01-21 13:25,Takeaway,E-Wallet,2,38.17,North,40,4,152.68,EMP007
ORD00160,Salad,2026-04-08 22:06,Dine-In,Cash,2,19.53,Central,30,1,19.53,EMP027
ORD00229,Tea,2026-04-10 16:47,Online,E-Wallet,3,11.5,Central,32,5,57.5,EMP016
ORD00157,Smoothie,2026-05-12 12:45,Online,E-Wallet,3,9.58,West,41,1,9.58,EMP019
ORD00051,Pasta,2026-02-02 16:23,Takeaway,Card,5,28.73,South,38,2,57.46,EMP017
ORD00252,Burger,2026-05-20 12:09,Online,Cash,3,31.71,North,11,1,31.71,EMP001
ORD00240,Noodles,2026-03-26 16:48,Online,Card,3,4.07,South,30,3,12.21,EMP021
ORD00118,Coffee,2026-01-05 18:25,Online,Card,2,36.42,West,22,3,109.26,EMP028
ORD00199,Rice Bowl,2026-06-18 19:45,Dine-In,Card,3,12.75,West,22,5,63.75,EMP020
ORD00333,Latte,2026-06-04 13:40,Online,Cash,1,5.07,Central,11,1,5.07,EMP005
ORD00175,Pizza,2026-02-04 08:01,Online,Cash,5,30.6,East,10,4,122.4,EMP018
ORD00214,Pizza,2026-01-28 18:08,Takeaway,E-Wallet,5,6.31,South,36,3,18.93,EMP022
ORD00288,Salad,2026-01-19 19:01,Takeaway,Cash,5,38.64,North,9,1,38.64,EMP008
ORD00196,Coffee,2026-04-15 15:03,Dine-In,E-Wallet,1,15.34,North,43,5,76.7,EMP028
ORD00185,Smoothie,2026-06-14 14:18,Dine-In,Card,4,4.55,North,27,2,9.1,EMP027
ORD00237,Wrap,2026-03-15 08:14,Takeaway,Cash,3,11.7,Central,45,3,35.1,EMP003
ORD00044,Fries,2026-06-18 21:18,Online,Cash,2,11.15,North,3,1,11.15,EMP009
ORD00276,Latte,2026-01-17 08:06,Online,Cash,4,4.62,South,22,3,13.86,EMP013
ORD00332,Smoothie,2026-03-24 22:30,Dine-In,Cash,5,35.98,South,9,1,35.98,EMP028
ORD00022,Latte,2026-03-22 09:35,Online,Card,4,20.75,North,6,3,62.25,EMP013
ORD00062,Wrap,2026-01-04 09:22,Pickup,E-Wallet,2,31.97,South,12,4,127.88,EMP004
ORD00277,Rice Bowl,2026-03-31 21:15,Takeaway,Card,1,14.83,Central,38,2,29.66,EMP004
ORD00314,Wrap,2026-06-05 12:08,Dine-In,Card,4,37.49,North,27,5,187.45,EMP002
ORD00239,Smoothie,2026-01-25 08:08,Takeaway,Cash,1,11.61,North,9,4,46.44,EMP010
ORD00196,Coffee,2026-02-12 22:37,Dine-In,Card,5,12.8,East,14,5,64.0,EMP008
ORD00194,Rice Bowl,2026-01-12 16:33,Online,E-Wallet,1,5.79,North,37,3,17.37,EMP006
ORD00024,Coffee,2026-04-16 12:31,Online,E-Wallet,4,23.88,Central,11,4,95.52,EMP006
ORD00240,Fries,2026-01-16 12:15,Takeaway,E-Wallet,5,24.11,West,42,4,96.44,EMP015
ORD00004,Wrap,2026-05-12 22:24,Dine-In,Cash,3,12.94,East,36,3,38.82,EMP011
ORD00301,Rice Bowl,2026-04-17 13:57,Dine-In,Card,4,6.19,North,6,3,18.57,EMP002
ORD00220,Coffee,2026-04-05 14:15,Dine-In,Cash,2,29.54,Central,35,3,88.62,EMP015
ORD00268,Latte,2026-04-27 10:05,Takeaway,Cash,1,37.55,East,10,4,150.2,EMP007
ORD00233,Latte,2026-03-17 20:44,Takeaway,E-Wallet,3,14.65,Central,34,5,73.25,EMP030
ORD00142,Rice Bowl,2026-03-13 20:39,Takeaway,Card,,32.54,North,7,4,130.16,EMP016
ORD00088,Coffee,2026-03-20 14:42,Dine-In,E-Wallet,1,18.79,West,43,4,75.16,EMP023
ORD00127,Rice Bowl,2026-02-18 08:33,Takeaway,Card,2,2.9,North,3,3,8.7,EMP022
ORD00336,Burger,2026-01-21 16:31,Dine-In,E-Wallet,4,9.05,South,18,1,9.05,EMP001
ORD00095,Noodles,2026-06-05 13:23,Takeaway,Cash,1,29.42,East,28,5,147.1,EMP016
ORD00176,Fries,2026-06-30 10:29,Online,E-Wallet,1,5.2,East,32,1,5.2,EMP005
ORD00001,Noodles,2026-01-12 13:57,Takeaway,Cash,1,20.98,North,38,3,62.94,EMP006
ORD00247,Smoothie,2026-04-11 08:25,Takeaway,Card,2,11.47,Central,41,3,34.41,EMP005
ORD00150,Pasta,2026-04-24 11:40,Takeaway,Cash,2,15.65,West,21,5,78.25,EMP026
ORD00036,Coffee,2026-01-09 11:06,Online,Card,4,27.91,Central,3,3,83.73,EMP022
ORD00071,Sandwich,2026-06-30 09:55,Online,Cash,5,19.74,North,30,2,39.48,EMP029
ORD00165,Pizza,2026-02-13 22:29,Online,Cash,4,29.5,East,16,5,147.5,EMP009
ORD00283,Fries,2026-02-12 18:54,Online,Card,3,15.64,Central,30,4,62.56,EMP018
ORD00221,Salad,2026-06-04 18:24,Online,Card,3,22.68,Central,41,3,68.04,EMP021
ORD00052,Pasta,2026-02-10 10:58,Online,Cash,4,24.65,West,26,5,123.25,EMP025
ORD00195,Cake,2026-02-27 21:23,Takeaway,E-Wallet,5,22.45,Central,27,2,44.9,EMP012
ORD00327,Noodles,2026-05-26 21:00,Takeaway,Cash,2,3.58,South,24,2,7.16,EMP010
ORD00271,Salad,2026-03-05 09:30,Online,Cash,4,4.08,North,18,4,16.32,EMP023
ORD00333,Burger,2026-04-26 20:41,Takeaway,Card,2,24.43,Central,34,1,24.43,EMP018
ORD00056,Cake,2026-01-08 20:11,Online,Card,3,35.41,South,21,2,70.82,EMP002
ORD00124,Salad,2026-03-29 14:32,Takeaway,Cash,4,9.55,Central,10,4,38.2,EMP020
ORD00031,Cake,2026-06-10 17:33,Online,Cash,4,38.87,South,3,3,116.61,EMP012
ORD00052,Wrap,2026-01-24 21:53,Takeaway,E-Wallet,1,23.45,North,4,4,93.8,EMP007
ORD00264,Cake,2026-03-10 10:54,Online,Card,3,36.12,South,7,1,36.12,EMP029
ORD00039,Rice Bowl,2026-01-10 21:37,Online,Cash,4,7.41,Central,41,2,14.82,EMP021
ORD00167,Sandwich,2026-04-07 12:25,Dine-In,E-Wallet,2,5.38,East,38,1,5.38,EMP012
ORD00163,Smoothie,2026-01-01 11:23,Online,E-Wallet,3,10.98,West,27,1,10.98,EMP009
ORD00059,Latte,2026-05-29 16:35,Online,Cash,2,19.53,East,44,4,78.12,EMP027
ORD00001,Cake,2026-01-29 17:48,Online,Cash,2,25.55,North,37,5,127.75,EMP017
ORD00201,Salad,2026-05-29 15:42,Takeaway,Cash,4,27.83,East,26,4,111.32,EMP006
ORD00209,Cake,2026-01-28 20:59,Takeaway,Card,1,21.19,North,26,2,42.38,EMP016
ORD00229,Sandwich,2026-03-05 14:22,Dine-In,Card,4,32.43,East,21,2,64.86,EMP027
ORD00012,Cake,2026-01-15 18:11,Online,E-Wallet,2,18.7,South,5,3,56.1,EMP012
ORD00100,Latte,2026-05-17 08:20,Dine-In,Cash,1,38.44,North,38,1,38.44,EMP021
ORD00045,Noodles,2026-06-04 15:09,Dine-In,Card,3,17.55,East,13,4,70.2,EMP014
ORD00050,Smoothie,2026-03-02 11:50,Dine-In,E-Wallet,4,28.97,East,42,4,115.88,EMP022
ORD00016,Smoothie,2026-06-20 21:06,Online,E-Wallet,3,7.64,West,3,2,15.28,EMP030
ORD00029,Tea,2026-03-25 14:05,Online,E-Wallet,5,11.33,West,15,1,11.33,EMP001
ORD00120,Cake,2026-03-18 20:13,Takeaway,E-Wallet,4,5.98,East,31,4,23.92,EMP012
ORD00334,Latte,2026-05-09 19:07,Dine-In,E-Wallet,2,36.46,West,14,3,109.38,EMP008
ORD00077,Cake,2026-06-26 22:55,Dine-In,Card,5,10.98,West,28,1,10.98,EMP003
ORD00089,Wrap,2026-01-11 13:12,Takeaway,Cash,4,18.84,East,44,1,18.84,EMP013
ORD00292,Burger,2026-03-04 20:31,Online,Card,1,9.7,North,11,3,29.1,EMP023
ORD00350,Wrap,2026-01-05 18:03,Takeaway,E-Wallet,1,21.9,East,31,4,87.6,EMP019
ORD00074,Burger,2026-06-01 10:57,Takeaway,Cash,5,9.11,Central,14,1,9.11,EMP012
ORD00168,Pizza,2026-01-08 16:43,Dine-In,Card,2,26.35,West,13,1,26.35,EMP028
ORD00065,Rice Bowl,2026-06-28 21:28,Online,E-Wallet,1,10.06,Central,23,5,50.3,EMP030
ORD00259,Smoothie,2026-02-10 19:45,Takeaway,Cash,1,35.07,North,19,1,35.07,EMP017
ORD00270,Coffee,2026-01-17 12:13,Takeaway,Card,2,8.95,Central,31,2,17.9,EMP022
ORD00198,Coffee,2026-04-27 13:19,Online,Card,1,30.1,West,6,4,120.4,EMP030
ORD00051,Coffee,2026-04-03 20:43,Dine-In,Cash,4,20.76,South,32,2,41.52,EMP011
ORD00206,Burger,2026-04-07 12:14,Online,Card,5,2.62,North,11,5,13.1,EMP015
ORD00122,Noodles,2026-02-03 17:52,Dine-In,Cash,4,24.32,South,7,3,72.96,EMP001
ORD00073,Smoothie,2026-02-08 10:29,Dine-In,Cash,1,16.06,West,19,1,16.06,EMP019
ORD00018,Fries,2026-01-24 09:06,Dine-In,Card,1,17.69,West,23,5,88.45,EMP010
ORD00208,Sandwich,2026-06-03 13:49,Takeaway,E-Wallet,5,18.57,West,6,5,92.85,EMP021
ORD00254,,2026-05-31 17:05,Online,Card,4,18.91,North,3,5,94.55,EMP023
ORD00027,Tea,2026-02-16 18:56,Online,Card,1,12.14,Central,44,3,36.42,EMP021
ORD00067,Pizza,2026-04-25 19:46,Online,E-Wallet,5,25.61,Central,18,4,102.44,EMP023
ORD00095,Smoothie,2026-05-20 10:45,Dine-In,Card,4,27.09,East,8,2,54.18,EMP030
ORD00301,Tea,2026-05-11 16:01,Dine-In,Cash,3,39.55,North,36,1,39.55,EMP027
ORD00176,Tea,2026-02-02 10:58,Dine-In,Card,4,9.46,North,39,1,9.46,EMP029
ORD00120,Latte,2026-06-25 14:16,Takeaway,Card,1,31.05,Central,11,5,155.25,EMP012
ORD00267,Coffee,2026-04-13 11:43,Takeaway,Card,4,38.36,West,35,2,76.72,EMP029
ORD00213,Rice Bowl,2026-01-31 22:11,Takeaway,Cash,4,39.27,Central,8,2,78.54,EMP030
ORD00133,Cake,2026-06-26 16:02,Takeaway,E-Wallet,3,20.97,North,11,5,104.85,EMP026
ORD00066,Tea,2026-05-25 18:42,Online,Cash,4,5.16,North,4,4,20.64,EMP028
ORD00241,Sandwich,2026-04-04 09:31,Online,Cash,1,31.62,Central,7,5,158.1,EMP009
ORD00210,Noodles,2026-01-14 16:30,Online,Cash,3,24.53,South,29,4,98.12,EMP015
ORD00103,Wrap,2026-04-16 15:54,Online,Card,1,10.96,Central,40,3,32.88,EMP002
ORD00286,Cake,2026-04-20 15:55,Dine-In,Card,3,32.64,East,39,5,163.2,EMP023
ORD00258,Smoothie,2026-04-14 15:53,Online,Cash,4,12.08,East,16,2,24.16,EMP030
ORD00261,Burger,2026-03-22 22:00,Takeaway,Cash,3,38.3,West,38,4,153.2,EMP007
ORD00050,Rice Bowl,2026-02-14 16:40,Dine-In,Card,5,25.89,East,32,1,25.89,EMP003
ORD00189,Coffee,2026-01-08 12:20,Dine-In,Cash,2,29.87,Central,10,2,59.74,EMP022
ORD00221,Fries,2026-01-31 17:18,Takeaway,Card,3,37.65,Central,9,5,188.25,EMP004
ORD00276,Noodles,2026-01-21 18:19,Dine-In,Card,5,31.24,Central,39,1,31.24,EMP016
ORD00113,Rice Bowl,2026-05-31 16:31,Online,Card,1,39.5,Central,30,1,39.5,EMP020
ORD00277,Fries,2026-06-22 12:23,Dine-In,E-Wallet,1,6.35,East,37,5,31.75,EMP020
ORD00322,Pasta,2026-02-02 12:41,Takeaway,E-Wallet,5,4.68,South,5,1,4.68,EMP028
ORD00271,Sandwich,2026-02-24 15:30,Online,Cash,2,-3,West,30,1,33.54,EMP025
ORD00131,Salad,2026-01-01 22:07,Dine-In,E-Wallet,3,18.22,South,36,5,91.1,EMP016
ORD00062,Salad,2026-05-02 16:16,Dine-In,E-Wallet,2,19.92,East,25,4,79.68,EMP012
ORD00032,Salad,2026-02-24 10:27,Dine-In,Card,3,38.39,Central,39,4,153.56,EMP003
ORD00298,Tea,2026-06-21 08:29,Takeaway,Cash,4,20.39,East,26,3,61.17,EMP020
ORD00196,Pizza,2026-02-21 16:48,Online,Cash,5,2.98,South,24,1,2.98,EMP023
ORD00243,Pasta,2026-05-02 13:04,Dine-In,E-Wallet,4,15.95,East,10,5,79.75,EMP013
ORD00235,Pizza,2026-01-05 21:19,Takeaway,Cash,1,35.57,East,31,4,142.28,EMP026
ORD00298,Fries,2026-01-11 20:38,Dine-In,Cash,4,29.54,South,33,5,147.7,EMP007
ORD00020,Latte,2026-06-15 09:32,Takeaway,Cash,5,9.95,West,9,2,19.9,EMP014
ORD00051,Salad,2026-02-10 09:02,Dine-In,Card,3,32.03,Central,38,4,128.12,EMP023
ORD00105,Wrap,2026-02-13 13:52,Takeaway,Cash,1,30.99,West,28,1,30.99,EMP004
ORD00185,Coffee,2026-02-24 21:38,Dine-In,Cash,1,36.12,North,40,2,72.24,EMP024
ORD00059,Rice Bowl,2026-02-09 13:25,Takeaway,Cash,4,17.22,East,10,5,86.1,EMP025
ORD00241,Burger,2026-03-17 11:29,Pickup,E-Wallet,5,3.32,East,16,2,6.64,EMP029
ORD00311,Pasta,2026-04-08 15:02,Online,Cash,5,25.1,West,26,4,100.4,EMP010
ORD00264,Pizza,2026-06-03 14:48,Online,Card,4,38.56,East,31,3,115.68,EMP022
ORD00148,Coffee,2026-06-21 21:21,Online,Card,1,31.53,West,29,2,63.06,EMP002
ORD00219,Sandwich,2026-03-05 21:38,Takeaway,Card,3,6.28,South,18,5,31.4,EMP022
ORD00314,Salad,2026-02-04 12:21,Takeaway,Card,4,35.91,North,24,1,35.91,EMP011
ORD00274,Pizza,2026-05-21 11:16,Dine-In,Cash,5,21.06,North,39,5,105.3,EMP008
ORD00347,Cake,2026-02-12 17:52,Dine-In,E-Wallet,3,25.29,Central,33,3,75.87,EMP002
ORD00139,Burger,2026-04-29 16:21,Online,Cash,5,3.8,East,29,4,15.2,EMP019
ORD00150,Wrap,2026-05-26 22:43,Online,Cash,3,29.74,Central,33,5,148.7,EMP003
ORD00112,Fries,2026-02-28 15:31,Online,E-Wallet,4,15.68,West,23,2,31.36,EMP012
ORD00069,Sandwich,2026-03-01 11:50,Online,Card,4,23.57,North,45,4,94.28,EMP016
ORD00250,Rice Bowl,2026-05-01 09:59,Takeaway,Cash,2,5.71,West,17,1,5.71,EMP030
ORD00206,Cake,2026-04-02 10:46,Takeaway,Card,1,31.79,North,32,2,63.58,EMP015
ORD00008,Latte,2026-04-22 18:33,Online,E-Wallet,5,25.22,East,24,5,126.1,EMP003
ORD00117,Sandwich,2026-05-24 19:51,Dine-In,E-Wallet,4,11.97,South,41,4,47.88,EMP020
ORD00229,Tea,2026-04-26 15:12,Takeaway,E-Wallet,4,18.01,North,4,2,36.02,EMP005
ORD00145,Latte,2026-03-31 08:17,Takeaway,Card,5,5.57,North,19,2,11.14,EMP025
ORD00298,Coffee,2026-04-08 11:48,Online,E-Wallet,1,5.19,West,34,1,5.19,EMP015
ORD00258,Pizza,2026-02-25 17:15,Dine-In,Cash,1,36.13,South,24,5,180.65,EMP003
ORD00063,Wrap,2026-01-01 13:49,Online,Card,5,27.51,East,42,5,137.55,EMP026
ORD00141,Fries,2026-06-12 08:01,Dine-In,Cash,2,23.63,Central,38,4,94.52,EMP021
ORD00216,Sandwich,2026-05-27 18:15,Takeaway,E-Wallet,1,11.18,West,25,4,44.72,EMP008
ORD00050,Pizza,2026-04-22 13:26,Online,Card,1,34.78,East,9,4,139.12,EMP025
ORD00096,Fries,2026-04-07 08:23,Dine-In,Card,5,19.51,Central,6,4,78.04,EMP011
ORD00209,Burger,2026-06-03 16:01,Dine-In,Cash,5,9.1,West,28,2,18.2,EMP011
ORD00341,Rice Bowl,2026-01-15 11:10,Takeaway,Cash,3,36.92,South,26,2,73.84,EMP020
ORD00212,Noodles,2026-02-05 09:52,Takeaway,Card,3,27.38,East,31,2,54.76,EMP014
ORD00108,Wrap,2026-06-06 19:39,Takeaway,Cash,3,3.5,West,11,3,10.5,EMP019
ORD00243,Cake,2026-05-05 22:12,Takeaway,E-Wallet,5,37.21,North,37,5,186.05,EMP024
ORD00281,Salad,2026-02-08 09:19,Takeaway,Cash,4,18.96,North,44,5,94.8,EMP001
ORD00003,Sandwich,2026-06-15 13:18,Takeaway,Cash,3,18.22,South,34,4,72.88,EMP002
ORD00158,Pasta,2026-01-03 18:03,Dine-In,E-Wallet,3,27.02,Central,22,1,27.02,EMP021
ORD00117,Burger,2026-02-15 10:13,Takeaway,E-Wallet,4,17.29,Central,5,5,86.45,EMP027
ORD00319,Latte,2026-05-16 08:35,Online,Cash,1,26.11,Unknown,43,4,104.44,EMP007
ORD00274,Pasta,2026-06-27 19:10,Online,Card,2,37.11,North,24,5,185.55,EMP010
ORD00088,Cake,2026-05-05 09:57,Dine-In,Card,4,20.91,Central,43,5,104.55,EMP023
ORD00084,Salad,2026-01-31 11:50,Dine-In,E-Wallet,5,30.24,North,35,1,30.24,EMP028
ORD00167,Tea,2026-05-05 17:57,Takeaway,Card,1,21.22,South,42,4,84.88,EMP012
ORD00310,Cake,2026-01-02 11:13,Dine-In,E-Wallet,2,16.03,Central,6,3,48.09,EMP001
ORD00002,Rice Bowl,2026-06-19 10:09,Online,E-Wallet,4,10.02,Central,39,3,30.06,EMP011
ORD00126,Sandwich,2026-05-22 22:29,Takeaway,E-Wallet,4,19.48,West,15,3,58.44,EMP021
ORD00318,Smoothie,2026-02-28 22:07,Online,E-Wallet,3,8.56,West,44,5,42.8,EMP002
ORD00048,Sandwich,2026-06-20 15:29,Dine-In,E-Wallet,4,31.85,Central,4,4,127.4,EMP018
ORD00070,Wrap,2026-03-16 13:48,Dine-In,E-Wallet,3,18.98,West,12,5,94.9,EMP013
ORD00029,Smoothie,2026-05-17 22:22,Takeaway,Card,4,36.37,West,26,1,36.37,EMP018
ORD00233,Pizza,2026-06-09 14:00,Online,Card,1,9.07,South,9,5,45.35,EMP023
ORD00060,Cake,2026-01-10 14:28,Online,E-Wallet,4,15.84,South,13,5,79.2,EMP026
ORD00294,Latte,2026-05-15 21:37,Online,E-Wallet,2,17.7,West,6,5,88.5,EMP014
ORD00071,Noodles,2026-03-20 21:58,Online,E-Wallet,3,15.91,North,30,4,63.64,EMP020
ORD00053,Coffee,2026-05-28 20:36,Dine-In,Cash,4,13.51,West,45,5,67.55,EMP029
ORD00270,Smoothie,2026-03-18 11:49,Online,Card,2,39.39,East,22,1,39.39,EMP014
ORD00210,Sandwich,2026-04-02 22:18,Takeaway,Card,3,6.64,Central,22,4,26.56,EMP019
ORD00346,Tea,2026-03-30 09:30,Takeaway,Card,1,34.83,East,19,3,104.49,EMP025
ORD00258,Coffee,2026-02-08 22:42,Online,Card,2,24.82,South,21,1,24.82,EMP014
ORD00275,Wrap,2026-02-12 20:33,Dine-In,Cash,2,31.12,Central,3,4,124.48,EMP028
ORD00286,Coffee,2026-02-21 20:00,Dine-In,E-Wallet,5,19.8,West,11,4,79.2,EMP027
ORD00345,Pizza,2026-03-11 12:27,Takeaway,Cash,1,10.2,East,34,4,40.8,EMP019
ORD00160,Smoothie,2026-06-25 16:27,Dine-In,Cash,1,20.29,West,6,4,81.16,EMP020
ORD00256,Smoothie,2026-04-24 15:54,Takeaway,Card,1,5.87,North,12,1,5.87,EMP029
ORD00119,Fries,2026-06-05 22:40,Online,Cash,3,10.55,South,9,4,42.2,EMP025
ORD00235,Salad,2026-01-29 15:53,Takeaway,E-Wallet,5,19.2,East,31,2,38.4,EMP012
ORD00087,Burger,2026-01-12 10:21,Online,Card,4,16.63,West,44,3,49.89,EMP014
ORD00156,Salad,2026-03-05 15:45,Online,Cash,2,21.27,East,32,5,106.35,EMP017
ORD00249,Salad,2026-01-21 12:06,Online,E-Wallet,3,35.08,Central,31,4,140.32,EMP005
ORD00115,Rice Bowl,2026-05-05 11:18,Online,Cash,5,8.05,Central,26,3,24.15,EMP018
ORD00241,Pizza,2026-02-23 19:43,Online,Card,4,5.45,Central,41,4,21.8,EMP006
ORD00163,Burger,2026-03-24 16:09,Dine-In,E-Wallet,5,8.02,Central,35,4,32.08,EMP001
ORD00043,Pasta,2026-04-11 20:17,Online,Cash,5,20.87,East,3,4,83.48,EMP021
ORD00003,Tea,2026-02-12 14:10,Dine-In,Cash,4,12.33,South,20,4,49.32,EMP019
ORD00247,Noodles,2026-06-22 17:19,Dine-In,Cash,1,12.73,West,25,4,50.92,EMP006
ORD00149,Tea,2026-05-29 18:54,Dine-In,E-Wallet,,30.82,North,27,3,92.46,EMP022
ORD00030,Cake,2026-01-04 16:32,Online,Card,1,14.87,West,35,2,29.74,EMP025
ORD00225,Latte,2026-06-20 08:20,Takeaway,E-Wallet,5,35.38,West,11,5,176.9,EMP006
ORD00070,Rice Bowl,2026-04-17 11:19,Online,E-Wallet,5,39.29,North,44,1,39.29,EMP023
ORD00010,Rice Bowl,2026-03-01 20:44,Dine-In,Card,5,8.3,East,14,2,16.6,EMP005
ORD00206,Tea,2026-01-14 08:58,Takeaway,Card,1,8.19,West,15,3,24.57,EMP017
ORD00280,Latte,2026-04-03 16:51,Takeaway,Card,2,15.73,East,28,4,62.92,EMP020
ORD00339,Wrap,2026-01-11 20:33,Online,E-Wallet,2,7.8,East,19,5,39.0,EMP023
ORD00121,Salad,2026-05-25 15:39,Takeaway,Cash,5,24.37,South,8,4,97.48,EMP009
ORD00119,Smoothie,2026-03-20 13:53,Takeaway,E-Wallet,5,16.53,North,18,2,33.06,EMP018
ORD00008,Coffee,2026-03-01 16:46,Online,Card,3,17.22,Central,15,1,17.22,EMP018
ORD00298,Tea,2026-03-13 21:31,Dine-In,Cash,5,11.62,South,17,1,11.62,EMP020
ORD00175,Fries,2026-03-07 11:29,Takeaway,E-Wallet,1,17.72,South,35,4,70.88,EMP026
ORD00309,Noodles,2026-02-15 08:45,Takeaway,Cash,3,32.0,Central,38,4,128.0,EMP029
ORD00045,Fries,2026-06-27 20:49,Dine-In,E-Wallet,3,9.59,West,41,4,38.36,EMP028
ORD00278,Coffee,2026-03-25 17:37,Takeaway,E-Wallet,4,13.0,Central,36,3,39.0,EMP007
ORD00032,Rice Bowl,2026-06-02 14:27,Dine-In,Card,5,34.96,North,32,3,104.88,EMP022
ORD00053,Cake,2026-04-15 18:21,Dine-In,E-Wallet,1,17.46,West,36,2,34.92,EMP023
ORD00299,Rice Bowl,2026-06-16 10:16,Takeaway,Cash,1,38.31,West,31,3,114.93,EMP009
ORD00322,Wrap,2026-05-12 16:55,Dine-In,Card,1,18.44,Central,10,1,18.44,EMP030
ORD00107,Fries,15/03/2026 09:30,Dine-In,Card,2,31.0,Unknown,13,2,62.0,EMP015
ORD00127,Latte,2026-02-15 15:34,Takeaway,Card,4,19.91,Central,15,2,39.82,EMP030
ORD00237,Fries,2026-02-09 14:43,Dine-In,Cash,1,18.57,South,13,2,37.14,EMP021
ORD00021,Latte,2026-05-21 19:58,Dine-In,Card,5,28.3,East,21,5,141.5,EMP012
ORD00188,Cake,2026-05-23 14:31,Takeaway,Cash,4,36.84,North,9,1,36.84,EMP023
ORD00090,Latte,2026-05-25 15:25,Dine-In,Card,4,34.39,West,22,2,68.78,EMP004
ORD00119,Sandwich,2026-06-09 09:04,Dine-In,E-Wallet,1,37.89,West,36,2,75.78,EMP019
ORD00160,Latte,2026-06-27 09:27,Online,Cash,1,16.48,West,42,2,32.96,EMP019
ORD00011,Rice Bowl,2026-03-08 08:10,Online,E-Wallet,5,10.25,Central,3,4,41.0,EMP026
ORD00123,Sandwich,2026-03-22 22:14,Takeaway,Card,3,11.91,Central,33,1,11.91,EMP030
ORD00119,Sandwich,2026-06-22 15:42,Takeaway,Cash,3,4.93,North,36,3,14.79,EMP010
ORD00142,Tea,2026-05-16 19:55,Takeaway,Cash,1,25.4,West,18,5,127.0,EMP025
ORD00070,Latte,2026-05-23 20:57,Takeaway,Card,1,12.39,East,5,4,49.56,EMP001
ORD00271,Rice Bowl,2026-01-09 20:19,Takeaway,E-Wallet,2,3.95,North,19,1,3.95,EMP020
ORD00104,Sandwich,2026-05-03 10:14,Online,Card,2,11.38,North,44,4,45.52,EMP017
ORD00088,Coffee,2026-04-01 11:27,Takeaway,E-Wallet,1,12.62,North,45,3,37.86,EMP022
ORD00135,Burger,2026-04-27 22:41,Takeaway,Cash,5,30.38,West,7,4,121.52,EMP025
ORD00008,,2026-01-19 10:24,Dine-In,Cash,5,33.24,South,23,3,99.72,EMP003
ORD00094,Fries,2026-05-30 11:01,Online,E-Wallet,2,31.14,Central,15,5,155.7,EMP025
ORD00069,Salad,2026-05-06 08:00,Online,E-Wallet,4,8.38,West,38,5,41.9,EMP002
ORD00348,Tea,2026-02-05 12:57,Dine-In,Card,1,31.54,South,11,2,63.08,EMP030
ORD00045,Rice Bowl,2026-05-22 12:24,Takeaway,Card,5,26.27,West,13,1,26.27,EMP004
ORD00121,Cake,2026-05-26 15:04,Online,Card,4,22.87,South,29,2,45.74,EMP016
ORD00075,Sandwich,2026-02-13 17:06,Online,Card,4,25.17,North,15,1,25.17,EMP015
ORD00227,Pizza,2026-05-29 12:13,Online,E-Wallet,5,29.44,East,26,3,88.32,EMP014
ORD00033,Rice Bowl,2026-05-05 15:40,Online,Card,4,26.9,Central,14,5,134.5,EMP024
ORD00341,Cake,2026-01-01 16:28,Dine-In,E-Wallet,2,26.88,Central,5,4,107.52,EMP017
ORD00253,Salad,2026-06-20 11:22,Takeaway,E-Wallet,4,14.43,West,39,5,72.15,EMP013
ORD00073,Burger,2026-06-29 21:24,Online,Cash,2,10.2,East,37,3,30.6,EMP002
ORD00051,Sandwich,2026-04-25 18:10,Takeaway,E-Wallet,5,39.43,South,16,3,118.29,EMP016
ORD00174,Latte,2026-03-26 11:56,Online,E-Wallet,1,6.97,Central,30,5,34.85,EMP015
ORD00239,Burger,2026-03-31 21:31,Takeaway,Cash,1,25.81,South,6,1,25.81,EMP007
ORD00318,Wrap,2026-01-28 11:27,Online,E-Wallet,4,11.26,West,35,4,45.04,EMP003
ORD00067,Latte,2026-06-06 11:05,Takeaway,E-Wallet,5,9.39,East,18,2,18.78,EMP018
ORD00043,Pasta,2026-04-10 14:24,Online,Card,3,36.6,South,35,2,73.2,EMP005
ORD00161,Noodles,2026-06-28 18:34,Dine-In,Cash,3,11.38,South,21,5,56.9,EMP019
ORD00258,Salad,2026-02-27 21:41,Takeaway,E-Wallet,1,27.25,South,43,1,27.25,EMP026
ORD00035,Pasta,2026-06-21 19:17,Online,E-Wallet,1,24.12,Central,18,4,96.48,EMP003
ORD00207,Tea,2026-03-13 08:21,Takeaway,Cash,4,21.97,Central,12,5,109.85,EMP022
ORD00008,Noodles,2026-01-19 11:56,Online,Card,5,12.22,West,35,3,36.66,EMP006
ORD00113,Burger,2026-04-28 11:23,Takeaway,Cash,3,22.04,South,23,4,88.16,EMP029
ORD00132,Noodles,2026-02-03 11:18,Dine-In,E-Wallet,2,25.25,South,37,1,25.25,EMP007
ORD00140,Noodles,2026-05-15 22:49,Online,Card,2,6.23,South,9,2,12.46,EMP030
ORD00195,Rice Bowl,2026-04-02 22:13,Dine-In,Cash,4,10.65,East,14,1,10.65,EMP022
ORD00282,Salad,2026-02-19 17:11,Online,Card,4,4.38,South,19,1,4.38,EMP026
ORD00302,Latte,2026-03-31 22:15,Dine-In,Card,1,25.31,West,31,3,75.93,EMP002
ORD00138,Latte,2026-02-10 15:47,Dine-In,E-Wallet,3,16.81,Central,19,1,16.81,EMP011
ORD00342,Latte,2026-05-28 12:31,Takeaway,Cash,2,14.34,South,19,3,43.02,EMP027
ORD00214,Sandwich,2026-04-14 15:47,Dine-In,Cash,4,25.75,West,12,2,51.5,EMP019
ORD00212,Wrap,2026-02-19 19:15,Dine-In,E-Wallet,2,31.75,Central,39,5,158.75,EMP022
ORD00005,Wrap,2026-04-03 08:10,Dine-In,Cash,1,32.84,South,38,1,32.84,EMP025
ORD00071,Wrap,2026-01-30 19:50,Online,Cash,3,23.02,Central,29,5,115.1,EMP023
ORD00258,Tea,2026-04-05 15:48,Dine-In,Cash,1,30.12,North,37,4,120.48,EMP025
ORD00110,Rice Bowl,2026-03-09 11:25,Dine-In,Cash,3,14.33,East,42,3,42.99,EMP020
ORD00247,Noodles,2026-04-04 13:53,Online,E-Wallet,5,30.29,Central,43,5,151.45,EMP006
ORD00136,Wrap,2026-04-09 12:41,Dine-In,Cash,2,3.55,East,11,4,14.2,EMP009
ORD00201,Pasta,2026-05-15 19:53,Dine-In,Card,5,31.19,East,38,1,31.19,EMP024
ORD00350,Fries,2026-01-03 15:50,Online,E-Wallet,4,7.93,North,6,2,15.86,EMP010
ORD00184,Pizza,2026-05-30 10:59,Dine-In,Cash,5,7.79,West,31,5,38.95,EMP027
ORD00079,Latte,2026-05-27 14:49,Dine-In,Cash,3,30.42,Central,35,2,60.84,EMP006
ORD00091,Sandwich,2026-05-19 21:29,Dine-In,E-Wallet,1,15.32,North,44,4,61.28,EMP020
ORD00337,Smoothie,2026-01-02 18:26,Online,E-Wallet,3,11.37,North,38,4,45.48,EMP007
ORD00288,Burger,2026-01-05 22:33,Takeaway,E-Wallet,5,25.39,West,34,5,126.95,EMP009
ORD00301,Cake,2026-06-15 17:06,Dine-In,Card,3,15.79,West,25,2,31.58,EMP018
ORD00194,Cake,2026-05-09 12:31,Dine-In,Cash,3,12.28,East,5,1,12.28,EMP009
ORD00230,Rice Bowl,2026-04-19 15:20,Takeaway,Card,5,28.2,Central,35,4,112.8,EMP027
ORD00163,Rice Bowl,2026-03-04 16:10,Takeaway,E-Wallet,4,32.31,North,24,1,32.31,EMP015
ORD00123,Cake,2026-05-05 14:37,Dine-In,Cash,1,28.55,North,18,4,114.2,EMP020
ORD00158,Noodles,2026-02-24 21:02,Online,Cash,3,8.58,North,5,4,34.32,EMP006
ORD00259,Wrap,2026-06-20 17:13,Dine-In,E-Wallet,3,22.27,South,44,2,44.54,EMP009
ORD00298,Wrap,2026-05-02 10:04,Online,E-Wallet,1,20.93,South,21,3,62.79,EMP015
ORD00221,Sandwich,2026-02-11 11:51,Dine-In,Cash,4,27.12,East,25,1,27.12,EMP008
ORD00130,Tea,2026-05-19 14:43,Online,Card,3,36.61,South,13,2,73.22,EMP005
ORD00338,Wrap,2026-01-10 16:49,Online,Card,1,11.85,Central,20,1,11.85,EMP015
ORD00090,Cake,2026-01-04 18:13,Dine-In,Card,1,24.05,North,14,3,72.15,EMP010
ORD00223,Burger,2026-03-31 19:38,Takeaway,Cash,4,34.64,South,10,3,103.92,EMP021
ORD00212,Wrap,2026-02-08 20:27,Online,E-Wallet,3,20.27,North,42,2,40.54,EMP023
ORD00259,Rice Bowl,15/03/2026 09:30,Dine-In,Card,5,28.09,Central,3,5,140.45,EMP019
ORD00101,Latte,2026-01-24 21:23,Takeaway,Card,1,12.23,East,28,1,12.23,EMP017
ORD00055,Burger,2026-05-31 12:00,Dine-In,Card,1,36.46,North,24,2,72.92,EMP012
ORD00256,Salad,2026-02-18 12:14,Takeaway,Card,3,38.51,Central,13,1,38.51,EMP014
ORD00313,Burger,2026-02-28 22:56,Dine-In,Card,5,39.22,North,39,3,117.66,EMP015
ORD00266,Smoothie,2026-06-22 09:12,Online,E-Wallet,4,5.58,West,8,1,5.58,EMP022
ORD00114,Sandwich,2026-01-01 08:48,Dine-In,Card,5,30.21,East,44,5,151.05,EMP004
ORD00038,Tea,2026-05-23 13:49,Dine-In,Cash,3,32.34,South,21,5,161.7,EMP016
ORD00265,Cake,2026-04-06 13:45,Online,Cash,2,39.67,West,6,3,119.01,EMP003
ORD00136,Pasta,2026-04-27 09:08,Takeaway,Card,5,37.64,South,33,3,112.92,EMP027
ORD00322,Coffee,2026-04-19 19:09,Dine-In,Cash,4,11.98,East,3,3,35.94,EMP023
ORD00254,Tea,2026-06-10 17:22,Dine-In,Cash,2,4.67,South,20,3,14.01,EMP018
ORD00251,,2026-04-17 20:56,Online,E-Wallet,2,32.11,West,19,2,64.22,EMP011
ORD00007,Pasta,2026-03-14 22:42,Dine-In,Cash,5,26.62,North,32,2,53.24,EMP025
ORD00194,Sandwich,2026-05-06 11:38,Online,E-Wallet,1,15.88,East,41,5,79.4,EMP029
ORD00074,Sandwich,2026-03-08 19:47,Online,E-Wallet,5,12.77,West,13,4,51.08,EMP007
ORD00293,Sandwich,2026-02-27 13:18,Online,E-Wallet,5,9.42,North,14,2,18.84,EMP018
ORD00078,Coffee,2026-04-24 22:37,Dine-In,Card,2,17.28,Central,20,1,17.28,EMP020
ORD00343,Latte,2026-01-29 13:02,Online,Cash,1,13.03,Central,33,3,39.09,EMP013
ORD00001,Latte,2026-06-28 19:47,Dine-In,E-Wallet,4,38.93,West,8,2,77.86,EMP015
ORD00194,Pasta,2026-03-28 09:53,Dine-In,E-Wallet,5,15.05,East,24,1,15.05,EMP014
ORD00136,Tea,2026-04-27 20:55,Dine-In,E-Wallet,4,-3,East,41,4,69.32,EMP022
ORD00165,Burger,2026-03-04 16:05,Online,Cash,2,36.06,Central,38,2,72.12,EMP009
ORD00181,Noodles,2026-05-07 19:14,Dine-In,E-Wallet,4,2.99,South,15,4,11.96,EMP030
ORD00280,Noodles,2026-05-26 09:38,Takeaway,E-Wallet,4,22.65,East,15,1,22.65,EMP019
ORD00183,Salad,2026-01-04 20:44,Takeaway,E-Wallet,1,38.22,Central,11,3,114.66,EMP003
ORD00274,Sandwich,2026-06-03 11:48,Takeaway,Card,4,26.58,West,45,1,26.58,EMP028
ORD00329,Sandwich,2026-04-05 20:14,Takeaway,Cash,3,4.69,South,41,2,9.38,EMP024
ORD00051,Rice Bowl,2026-05-12 17:57,Online,E-Wallet,5,13.07,East,6,3,39.21,EMP006
ORD00114,Pasta,2026-02-24 08:02,Online,Cash,5,37.09,Central,32,4,148.36,EMP006
ORD00347,Smoothie,2026-02-10 09:00,Dine-In,E-Wallet,2,36.48,North,11,1,36.48,EMP017
ORD00270,Tea,2026-04-03 17:58,Takeaway,Cash,2,29.09,Central,22,4,116.36,EMP012
ORD00320,Coffee,2026-05-25 08:01,Online,Cash,3,12.36,Central,44,3,37.08,EMP029
ORD00245,Rice Bowl,2026-03-14 18:25,Online,Cash,4,17.1,East,16,4,68.4,EMP027
ORD00318,Latte,2026-03-08 15:45,Takeaway,E-Wallet,2,27.8,Central,13,1,27.8,EMP007
ORD00146,Smoothie,2026-03-19 20:28,Takeaway,E-Wallet,2,24.25,East,37,2,48.5,EMP021
ORD00267,Tea,2026-03-06 21:12,Takeaway,Cash,3,14.67,East,32,1,14.67,EMP010
ORD00320,Fries,2026-04-07 22:14,Online,Cash,1,33.42,East,37,1,33.42,EMP016
ORD00033,Tea,2026-04-19 09:13,Dine-In,Card,2,36.08,North,13,5,180.4,EMP009
ORD00083,Latte,2026-05-25 17:57,Dine-In,Card,3,28.94,East,44,1,28.94,EMP009
ORD00141,Wrap,2026-01-01 17:52,Online,Card,2,8.17,Central,34,3,24.51,EMP019
ORD00247,Burger,2026-01-28 13:20,Online,Card,1,2.98,West,44,3,8.94,EMP013
ORD00159,Cake,2026-06-19 16:40,Dine-In,Card,5,19.79,North,21,1,19.79,EMP025
ORD00274,Latte,2026-05-25 18:29,Dine-In,E-Wallet,1,34.57,South,12,2,69.14,EMP020
ORD00324,Sandwich,2026-02-04 09:40,Online,Card,4,38.53,East,38,5,192.65,EMP026
ORD00148,Pizza,2026-01-19 08:19,Dine-In,Card,5,26.7,North,16,5,133.5,EMP026
ORD00100,Smoothie,2026-05-29 18:04,Dine-In,Cash,2,3.11,North,26,2,6.22,EMP011
ORD00231,Wrap,2026-03-24 17:41,Dine-In,Cash,4,23.21,West,21,2,46.42,EMP006
ORD00222,Fries,2026-06-24 22:22,Takeaway,E-Wallet,5,34.37,South,19,2,68.74,EMP015
ORD00119,Rice Bowl,2026-04-17 09:17,Online,E-Wallet,1,37.29,North,34,5,186.45,EMP026
ORD00288,Burger,2026-03-12 21:18,Takeaway,Cash,4,33.52,South,32,2,67.04,EMP023
ORD00335,Salad,2026-01-05 18:07,Takeaway,Cash,,16.15,North,16,2,32.3,EMP019
ORD00148,Cake,2026-06-03 15:40,Takeaway,E-Wallet,1,26.96,North,17,5,134.8,EMP016
ORD00003,Burger,2026-06-20 13:12,Online,Card,3,31.55,North,21,5,157.75,EMP002
ORD00337,Pasta,2026-03-13 22:35,Online,Cash,1,35.05,East,37,2,70.1,EMP022
ORD00294,Pizza,2026-04-09 18:18,Takeaway,Card,,30.57,West,38,2,61.14,EMP026
ORD00281,Fries,2026-01-26 16:45,Pickup,Cash,5,30.82,West,36,1,30.82,EMP008
ORD00062,Noodles,2026-03-15 20:37,Dine-In,Card,1,23.69,South,9,2,47.38,EMP026
ORD00293,Burger,2026-02-08 11:15,Online,E-Wallet,4,33.39,North,9,2,66.78,EMP014
ORD00243,Sandwich,2026-01-11 08:03,Online,Card,2,17.93,East,13,4,71.72,EMP015
ORD00136,Pizza,2026-03-26 21:40,Dine-In,Cash,4,34.83,South,15,3,104.49,EMP017
ORD00188,Smoothie,2026-01-02 16:37,Online,Card,4,24.92,North,39,1,24.92,EMP015
ORD00108,Salad,2026-06-17 18:18,Online,E-Wallet,3,31.06,South,17,3,93.18,EMP011
ORD00009,Wrap,2026-03-23 18:40,Takeaway,E-Wallet,3,15.28,West,37,2,30.56,EMP021
ORD00322,Rice Bowl,2026-05-04 09:09,Takeaway,Cash,1,19.3,West,30,2,38.6,EMP017
ORD00054,Burger,2026-06-07 22:16,Takeaway,Cash,3,39.62,West,14,4,158.48,EMP005
ORD00293,Wrap,2026-06-22 14:14,Online,Card,4,24.38,Central,25,3,73.14,EMP014
ORD00125,Noodles,2026-03-26 13:27,Takeaway,E-Wallet,4,37.01,Central,21,1,37.01,EMP018
ORD00009,Wrap,2026-05-13 09:01,Online,E-Wallet,5,19.83,East,28,2,39.66,EMP012
ORD00153,Pizza,2026-02-08 20:15,Takeaway,Card,5,24.3,West,40,4,97.2,EMP015
ORD00008,Salad,2026-02-01 09:43,Takeaway,Cash,3,12.33,South,19,3,36.99,EMP026
ORD00015,Burger,2026-06-19 15:41,Dine-In,Cash,5,34.16,North,37,4,136.64,EMP009
ORD00184,Pizza,2026-03-30 19:33,Dine-In,Cash,4,24.88,Central,6,1,24.88,EMP030
ORD00181,Sandwich,2026-06-06 12:51,Takeaway,Card,1,29.96,Central,13,2,59.92,EMP005
ORD00248,Tea,2026-06-05 15:40,Takeaway,Card,3,22.92,East,28,4,91.68,EMP014
ORD00100,Tea,2026-03-06 19:01,Online,Card,5,28.64,South,32,3,85.92,EMP019
ORD00187,Cake,2026-02-21 12:30,Takeaway,Card,2,25.92,Central,11,4,103.68,EMP021
ORD00010,Tea,2026-02-16 17:42,Online,Cash,4,30.9,North,5,4,123.6,EMP025
ORD00275,Pasta,2026-02-13 19:43,Dine-In,E-Wallet,4,19.67,North,24,3,59.01,EMP021
ORD00218,Salad,2026-03-29 18:21,Takeaway,E-Wallet,4,6.76,South,12,2,13.52,EMP001
ORD00056,Latte,2026-06-14 08:05,Takeaway,Cash,2,35.56,West,37,5,177.8,EMP017
ORD00160,Pasta,15/03/2026 09:30,Dine-In,Card,1,25.5,West,19,3,76.5,EMP008
ORD00051,Cake,2026-01-20 10:56,Dine-In,Cash,4,21.68,South,17,5,108.4,EMP023
ORD00308,Rice Bowl,2026-04-25 14:15,Online,E-Wallet,2,5.91,East,12,2,11.82,EMP021
ORD00269,Coffee,2026-04-21 12:24,Takeaway,Card,5,23.24,North,30,1,23.24,EMP029
ORD00214,Burger,2026-06-30 09:02,Takeaway,Cash,2,34.97,Central,13,4,139.88,EMP027
ORD00091,Burger,2026-01-02 14:31,Online,Cash,5,8.87,Central,24,1,8.87,EMP009
ORD00183,Pasta,2026-01-05 08:30,Dine-In,Card,1,25.04,North,23,4,100.16,EMP011
ORD00160,Tea,2026-01-11 19:58,Dine-In,Card,5,13.78,East,15,5,68.9,EMP025
ORD00273,Sandwich,2026-01-24 21:08,Dine-In,E-Wallet,,34.38,North,3,2,68.76,EMP009
ORD00234,Tea,2026-03-08 11:26,Online,Cash,4,36.02,South,22,4,144.08,EMP024
ORD00148,Sandwich,2026-02-24 17:50,Online,Cash,3,20.76,North,34,1,20.76,EMP025
ORD00205,Latte,2026-02-22 08:12,Dine-In,Card,4,18.68,East,5,5,93.4,EMP027
ORD00116,Sandwich,2026-04-12 13:09,Takeaway,Card,4,6.87,North,38,4,27.48,EMP003
ORD00328,Pasta,2026-05-11 15:03,Dine-In,Cash,5,36.27,Unknown,39,2,72.54,EMP012
ORD00089,Tea,2026-03-08 13:20,Takeaway,Cash,2,9.88,Central,12,1,9.88,EMP015
ORD00058,Rice Bowl,2026-03-03 12:33,Online,Card,1,11.29,South,10,4,45.16,EMP017
ORD00293,Wrap,2026-01-21 18:32,Dine-In,E-Wallet,1,16.41,Central,14,1,16.41,EMP015
ORD00322,Wrap,2026-01-09 22:11,Online,E-Wallet,4,7.46,South,17,3,22.38,EMP021
ORD00007,Latte,2026-01-10 14:54,Dine-In,Cash,2,18.08,North,6,1,18.08,EMP018
ORD00100,Latte,2026-05-06 12:04,Online,E-Wallet,5,32.92,West,28,5,164.6,EMP026
ORD00073,Wrap,2026-03-21 10:25,Takeaway,Card,2,25.75,South,36,5,128.75,EMP005
ORD00091,Latte,15/03/2026 09:30,Takeaway,E-Wallet,2,23.94,West,21,4,95.76,EMP009
ORD00168,Pasta,2026-06-28 15:19,Takeaway,E-Wallet,1,31.54,East,21,1,31.54,EMP028
ORD00218,Pasta,2026-05-10 20:40,Takeaway,E-Wallet,2,12.04,North,33,2,24.08,EMP007
ORD00007,Wrap,2026-04-19 22:16,Takeaway,Cash,2,37.28,East,16,1,37.28,EMP008
ORD00023,Fries,2026-01-27 22:16,Dine-In,Cash,1,30.24,East,17,3,90.72,EMP030
ORD00052,Fries,2026-02-11 22:17,Dine-In,Cash,4,6.03,North,5,1,6.03,EMP022
ORD00230,Salad,2026-02-19 19:47,Online,E-Wallet,1,2.72,West,19,1,2.72,EMP014
ORD00344,Latte,2026-03-20 12:24,Dine-In,E-Wallet,5,22.53,South,25,4,90.12,EMP023
ORD00236,Rice Bowl,2026-02-09 21:41,Takeaway,Cash,3,29.24,Central,11,4,116.96,EMP004
ORD00331,Pasta,2026-05-03 19:57,Dine-In,Cash,5,15.11,East,35,1,15.11,EMP013
ORD00150,Fries,2026-06-12 15:29,Takeaway,Card,3,22.41,North,17,4,89.64,EMP012
ORD00007,Noodles,2026-05-16 09:37,Online,Cash,2,36.09,Central,11,5,180.45,EMP003
ORD00225,Noodles,2026-05-16 14:05,Takeaway,Cash,1,11.07,West,19,1,11.07,EMP007
ORD00211,Burger,2026-06-22 15:49,Takeaway,Cash,4,11.88,Central,44,2,23.76,EMP024
ORD00055,Tea,2026-06-24 17:32,Dine-In,Cash,1,28.27,South,39,4,113.08,EMP028
ORD00248,Latte,2026-04-25 11:02,Online,E-Wallet,2,23.6,Central,8,1,23.6,EMP005
ORD00171,Wrap,2026-05-11 08:44,Takeaway,Card,5,22.28,Central,3,2,44.56,EMP004
ORD00203,Fries,2026-03-17 10:42,Online,E-Wallet,5,19.35,Central,20,3,58.05,EMP006
ORD00176,Salad,2026-04-01 08:03,Online,Cash,1,19.69,North,19,1,19.69,EMP016
ORD00072,Cake,2026-06-23 11:03,Online,Card,5,22.47,East,32,3,67.41,EMP011
ORD00339,Tea,2026-04-04 15:31,Online,Card,1,8.24,North,3,1,8.24,EMP003
ORD00119,Latte,2026-05-02 13:29,Takeaway,Cash,5,32.14,East,18,2,64.28,EMP015
ORD00037,Salad,2026-06-29 15:24,Dine-In,E-Wallet,3,34.8,South,38,2,69.6,EMP007
ORD00046,Fries,2026-06-28 18:11,Takeaway,E-Wallet,4,14.46,South,44,4,57.84,EMP008
ORD00143,Cake,2026-01-14 20:56,Dine-In,Card,5,19.95,North,23,5,99.75,EMP003
ORD00101,Wrap,2026-06-19 13:47,Dine-In,E-Wallet,2,37.43,South,11,1,37.43,EMP013
ORD00027,Rice Bowl,2026-04-19 10:05,Takeaway,Cash,1,19.86,East,21,4,79.44,EMP008
ORD00196,Pasta,2026-05-08 18:13,Takeaway,Cash,4,10.45,South,18,5,52.25,EMP003
ORD00056,Burger,2026-06-25 15:14,Online,E-Wallet,3,6.18,Central,42,3,18.54,EMP027
ORD00293,Fries,2026-04-23 20:22,Takeaway,Cash,3,18.23,West,34,3,54.69,EMP013
ORD00183,Tea,2026-03-26 11:10,Takeaway,Cash,4,35.53,North,16,5,177.65,EMP024
ORD00136,Cake,2026-01-17 08:01,Dine-In,E-Wallet,3,38.9,East,36,2,77.8,EMP016
ORD00333,Noodles,2026-02-20 08:09,Dine-In,Card,2,13.91,Central,37,2,27.82,EMP026
ORD00306,Salad,2026-04-02 17:46,Dine-In,Cash,4,37.81,West,4,4,151.24,EMP014
ORD00093,Sandwich,2026-03-01 19:41,Online,E-Wallet,1,27.87,Central,6,1,27.87,EMP012
ORD00058,Fries,2026-01-08 08:14,Dine-In,Cash,4,26.9,South,7,5,134.5,EMP010
ORD00071,Wrap,2026-04-15 10:14,Dine-In,Cash,2,10.07,North,23,2,20.14,EMP002
ORD00285,Cake,2026-05-12 19:08,Dine-In,Cash,5,12.44,South,35,2,24.88,EMP008
ORD00247,Tea,2026-06-13 17:31,Takeaway,Card,3,26.01,South,27,4,104.04,EMP027
ORD00142,Pizza,2026-05-03 09:25,Dine-In,E-Wallet,5,15.88,East,34,4,63.52,EMP010
ORD00137,Cake,2026-02-02 19:45,Takeaway,Card,2,39.71,North,19,1,39.71,EMP006
ORD00006,Tea,2026-01-01 11:21,Online,Card,4,32.52,North,42,5,162.6,EMP006
ORD00232,Coffee,2026-01-26 18:36,Takeaway,E-Wallet,2,2.63,Central,17,4,10.52,EMP028
ORD00278,Fries,2026-03-24 21:11,Online,E-Wallet,2,36.01,West,7,3,108.03,EMP015
ORD00336,Latte,2026-04-28 22:31,Dine-In,Card,5,26.28,West,9,2,52.56,EMP011
ORD00222,Pasta,2026-02-21 13:16,Dine-In,Card,4,35.74,Central,23,2,71.48,EMP009
ORD00225,Cake,2026-03-09 19:37,Takeaway,E-Wallet,3,27.02,Central,31,2,54.04,EMP007
ORD00084,Coffee,15/03/2026 09:30,Takeaway,Card,4,29.99,West,26,1,29.99,EMP025
ORD00167,Salad,2026-06-17 12:50,Online,E-Wallet,5,16.27,North,43,5,81.35,EMP024
ORD00063,Pasta,2026-04-28 13:17,Takeaway,Cash,4,7.96,Central,40,4,31.84,EMP021
ORD00328,Pizza,2026-06-11 09:43,Dine-In,E-Wallet,5,14.52,Central,6,5,72.6,EMP006
ORD00166,Cake,2026-02-18 20:35,Online,Card,4,9.31,West,38,2,18.62,EMP007
ORD00344,Sandwich,2026-06-18 19:18,Dine-In,Card,5,17.84,Unknown,18,2,35.68,EMP014
ORD00153,Noodles,2026-06-29 13:10,Dine-In,Card,5,17.63,Central,41,1,17.63,EMP022
ORD00310,,2026-01-18 09:36,Takeaway,Cash,4,6.43,Unknown,15,4,25.72,EMP026
ORD00297,Pasta,2026-03-25 16:10,Dine-In,Cash,3,33.41,West,41,4,133.64,EMP007
ORD00350,Latte,2026-01-03 09:54,Dine-In,Cash,2,22.3,South,25,2,44.6,EMP017
ORD00326,Pizza,2026-03-04 09:24,Takeaway,Cash,4,39.64,Central,4,1,39.64,EMP009
ORD00208,Pasta,2026-01-13 22:40,Online,Cash,2,14.87,East,13,5,74.35,EMP023
ORD00310,Cake,2026-06-30 08:49,Takeaway,Card,1,4.56,Central,44,3,13.68,EMP016
ORD00096,Latte,2026-05-27 22:44,Takeaway,Card,4,35.54,South,37,1,35.54,EMP007
ORD00048,Sandwich,2026-06-11 11:29,Online,E-Wallet,4,5.35,West,29,1,5.35,EMP004
ORD00332,Noodles,2026-02-26 09:06,Takeaway,Card,3,-3,North,3,2,17.64,EMP015
ORD00346,Coffee,2026-02-05 18:48,Online,Cash,5,5.69,East,8,5,28.45,EMP001
ORD00147,Wrap,2026-06-16 12:08,Takeaway,E-Wallet,2,39.61,East,17,1,39.61,EMP030
ORD00349,Rice Bowl,2026-04-22 16:09,Takeaway,E-Wallet,1,14.21,Central,11,1,14.21,EMP003
ORD00075,Smoothie,2026-02-21 08:41,Online,Cash,2,22.7,North,30,5,113.5,EMP015
ORD00313,Smoothie,2026-03-16 12:14,Takeaway,Card,1,19.29,Central,10,2,38.58,EMP015
ORD00018,Wrap,2026-02-01 20:31,Takeaway,Card,2,10.34,North,31,4,41.36,EMP026
ORD00042,Fries,2026-02-19 22:55,Online,E-Wallet,3,6.39,Central,22,1,6.39,EMP015
ORD00311,Wrap,2026-06-18 10:55,Online,Card,2,-3,South,32,3,43.8,EMP008
ORD00079,Sandwich,2026-02-12 11:29,Takeaway,Cash,1,9.08,West,37,4,36.32,EMP029
ORD00106,Tea,2026-01-16 22:13,Dine-In,Card,5,4.28,North,7,3,12.84,EMP015
ORD00073,Rice Bowl,2026-03-24 12:00,Online,Card,3,15.46,Central,32,4,61.84,EMP010
ORD00250,Salad,15/03/2026 09:30,Takeaway,Card,2,30.07,North,19,1,30.07,EMP022
ORD00089,Pizza,2026-04-22 11:09,Takeaway,Cash,4,11.04,East,44,1,11.04,EMP027
ORD00082,Noodles,2026-05-30 09:05,Dine-In,Cash,4,7.69,West,11,3,23.07,EMP027
ORD00248,Fries,2026-03-05 09:15,Dine-In,E-Wallet,2,22.66,North,44,5,113.3,EMP017
ORD00304,Latte,2026-06-20 19:41,Takeaway,Cash,1,12.6,East,25,2,25.2,EMP030
ORD00272,Fries,2026-02-22 15:59,Takeaway,Cash,3,27.43,West,35,1,27.43,EMP006
ORD00290,Coffee,2026-01-02 18:23,Takeaway,Cash,5,9.25,North,35,4,37.0,EMP008
ORD00224,Smoothie,2026-03-21 11:40,Dine-In,Card,3,31.82,Central,33,2,63.64,EMP018
ORD00337,Noodles,2026-04-30 09:33,Dine-In,E-Wallet,1,24.21,South,3,2,48.42,EMP016
ORD00264,Wrap,2026-01-15 08:51,Takeaway,Card,5,-3,Central,14,1,14.95,EMP002
ORD00234,Sandwich,2026-01-26 21:55,Online,E-Wallet,4,17.27,East,3,3,51.81,EMP008
ORD00002,Sandwich,2026-02-25 21:02,Takeaway,Cash,1,10.0,West,25,5,50.0,EMP008
ORD00162,Cake,2026-06-29 16:52,Online,Cash,1,23.48,North,11,4,93.92,EMP027
ORD00140,Salad,2026-02-16 20:44,Takeaway,E-Wallet,2,30.66,West,16,2,61.32,EMP018
ORD00168,Latte,2026-03-11 16:24,Dine-In,Cash,1,21.08,East,15,2,42.16,EMP026
ORD00284,Salad,2026-01-12 13:09,Takeaway,E-Wallet,5,35.74,Central,16,3,107.22,EMP026
ORD00051,Cake,2026-05-16 15:34,Online,Cash,1,17.58,South,40,1,17.58,EMP023
ORD00105,Cake,2026-04-17 18:49,Dine-In,Card,1,27.44,North,7,4,109.76,EMP016
ORD00129,Burger,2026-03-21 10:15,Dine-In,Cash,4,4.62,West,43,3,13.86,EMP006
ORD00145,Salad,2026-05-15 21:24,Online,Card,2,16.71,South,39,5,83.55,EMP023
ORD00308,Coffee,2026-06-22 11:48,Online,E-Wallet,4,36.99,West,10,5,184.95,EMP011
ORD00159,Latte,2026-03-01 14:08,Takeaway,E-Wallet,4,6.26,South,42,5,31.3,EMP017
ORD00162,Noodles,2026-02-07 13:42,Online,Card,5,9.55,East,5,3,28.65,EMP012
ORD00097,Smoothie,2026-05-19 11:35,Online,E-Wallet,5,3.09,South,35,2,6.18,EMP023
ORD00082,Cake,2026-04-24 11:30,Dine-In,E-Wallet,4,31.79,South,44,3,95.37,EMP011
ORD00254,Rice Bowl,2026-03-17 09:43,Dine-In,Card,5,38.04,West,28,5,190.2,EMP020
ORD00011,Sandwich,2026-02-23 11:55,Online,Card,4,28.04,Central,8,5,140.2,EMP013
ORD00003,Wrap,2026-04-07 11:01,Dine-In,Card,1,32.73,West,34,2,65.46,EMP018
